OperatorID,Standorte,Ladesaeulen,Plugs,Datum
CH*AIL,2,20,20,2023-03-21
CH*AVIA,1,1,2,2023-03-21
CH*CCC,638,1645,1645,2023-03-21
CH*DIE,1,1,2,2023-03-21
CH*EBS,4,4,13,2023-03-21
CH*ECU,1800,2471,2471,2023-03-21
CH*ENMOBILECHARGE,16,32,32,2023-03-21
CH*EVAEMOBILITAET,2,4,4,2023-03-21
CH*EWACHARGE,18,42,42,2023-03-21
CH*EWD,8,8,24,2023-03-21
CH*EWO,7,7,11,2023-03-21
CH*FASTNED,3,12,18,2023-03-21
CH*HER,1,1,4,2023-03-21
CH*ION,10,58,58,2023-03-21
CH*LIDL,46,46,138,2023-03-21
CH*MIG,19,27,56,2023-03-21
CH*MOBILECHARGE,19,50,50,2023-03-21
CH*MOBIMOEMOBILITY,3,5,5,2023-03-21
CH*PACEMOBILITY,1,1,1,2023-03-21
CH*PARKCHARGE,4,13,13,2023-03-21
CH*REP,158,408,408,2023-03-21
CH*SCHARGE,1,1,1,2023-03-21
CH*SWISSCHARGE,942,2662,2719,2023-03-21
CH*TAE,1,131,131,2023-03-21
CHEVP,1305,2705,5335,2023-03-21
CH*AIL,2,20,20,2023-03-22
CH*AVIA,1,1,2,2023-03-22
CH*CCC,638,1645,1645,2023-03-22
CH*DIE,1,1,2,2023-03-22
CH*EBS,4,4,13,2023-03-22
CH*ECU,1800,2471,2471,2023-03-22
CH*ENMOBILECHARGE,16,32,32,2023-03-22
CH*EVAEMOBILITAET,2,4,4,2023-03-22
CH*EWACHARGE,18,42,42,2023-03-22
CH*EWD,8,8,24,2023-03-22
CH*EWO,7,7,11,2023-03-22
CH*FASTNED,3,12,18,2023-03-22
CH*HER,1,1,4,2023-03-22
CH*ION,10,58,58,2023-03-22
CH*LIDL,46,46,138,2023-03-22
CH*MIG,19,27,56,2023-03-22
CH*MOBILECHARGE,19,50,50,2023-03-22
CH*MOBIMOEMOBILITY,3,5,5,2023-03-22
CH*PACEMOBILITY,1,1,1,2023-03-22
CH*PARKCHARGE,4,13,13,2023-03-22
CH*REP,158,408,408,2023-03-22
CH*SCHARGE,1,1,1,2023-03-22
CH*SWISSCHARGE,942,2662,2719,2023-03-22
CH*TAE,1,131,131,2023-03-22
CHEVP,1305,2705,5335,2023-03-22
CH*AIL,2,20,20,2023-03-23
CH*AVIA,1,1,2,2023-03-23
CH*CCC,644,1655,1655,2023-03-23
CH*DIE,1,1,2,2023-03-23
CH*EBS,4,4,13,2023-03-23
CH*ECU,1796,2465,2465,2023-03-23
CH*ENMOBILECHARGE,16,32,32,2023-03-23
CH*EVAEMOBILITAET,2,4,4,2023-03-23
CH*EWACHARGE,18,42,42,2023-03-23
CH*EWD,8,8,24,2023-03-23
CH*EWO,7,7,11,2023-03-23
CH*FASTNED,3,12,18,2023-03-23
CH*HER,1,1,4,2023-03-23
CH*ION,10,58,58,2023-03-23
CH*LIDL,46,46,138,2023-03-23
CH*MIG,19,27,56,2023-03-23
CH*MOBILECHARGE,19,50,50,2023-03-23
CH*MOBIMOEMOBILITY,3,5,5,2023-03-23
CH*PACEMOBILITY,1,1,1,2023-03-23
CH*PARKCHARGE,4,13,13,2023-03-23
CH*REP,158,408,408,2023-03-23
CH*SCHARGE,1,1,1,2023-03-23
CH*SWISSCHARGE,940,2657,2712,2023-03-23
CH*TAE,1,131,131,2023-03-23
CHEVP,1308,2719,5350,2023-03-23
CH*AIL,2,20,20,2023-03-24
CH*AVIA,1,1,2,2023-03-24
CH*CCC,643,1651,1651,2023-03-24
CH*DIE,1,1,2,2023-03-24
CH*EBS,4,4,13,2023-03-24
CH*ECU,1795,2465,2465,2023-03-24
CH*ENMOBILECHARGE,16,32,32,2023-03-24
CH*EVAEMOBILITAET,2,4,4,2023-03-24
CH*EWACHARGE,18,42,42,2023-03-24
CH*EWD,8,8,24,2023-03-24
CH*EWO,7,7,11,2023-03-24
CH*FASTNED,3,12,18,2023-03-24
CH*HER,1,1,4,2023-03-24
CH*ION,10,58,58,2023-03-24
CH*LIDL,46,46,138,2023-03-24
CH*MIG,19,27,56,2023-03-24
CH*MOBILECHARGE,20,52,52,2023-03-24
CH*MOBIMOEMOBILITY,3,5,5,2023-03-24
CH*PACEMOBILITY,1,1,1,2023-03-24
CH*PARKCHARGE,4,13,13,2023-03-24
CH*REP,159,410,410,2023-03-24
CH*SCHARGE,1,1,1,2023-03-24
CH*SWISSCHARGE,941,2661,2718,2023-03-24
CH*TAE,1,131,131,2023-03-24
CHEVP,1307,2711,5341,2023-03-24
CH*AIL,2,20,20,2023-03-25
CH*AVIA,1,1,2,2023-03-25
CH*CCC,650,1686,1686,2023-03-25
CH*DIE,1,1,2,2023-03-25
CH*EBS,4,4,13,2023-03-25
CH*ECU,1801,2471,2471,2023-03-25
CH*ENMOBILECHARGE,16,32,32,2023-03-25
CH*EVAEMOBILITAET,2,4,4,2023-03-25
CH*EWACHARGE,18,42,42,2023-03-25
CH*EWD,8,8,24,2023-03-25
CH*EWO,7,7,11,2023-03-25
CH*FASTNED,3,12,18,2023-03-25
CH*HER,1,1,4,2023-03-25
CH*ION,10,58,58,2023-03-25
CH*LIDL,46,46,138,2023-03-25
CH*MIG,19,27,56,2023-03-25
CH*MOBILECHARGE,20,52,52,2023-03-25
CH*MOBIMOEMOBILITY,3,5,5,2023-03-25
CH*PACEMOBILITY,1,1,1,2023-03-25
CH*PARKCHARGE,4,13,13,2023-03-25
CH*REP,160,410,410,2023-03-25
CH*SCHARGE,1,1,1,2023-03-25
CH*SWISSCHARGE,949,2685,2742,2023-03-25
CH*TAE,1,131,131,2023-03-25
CHEVP,1310,2718,5353,2023-03-25
CH*AIL,2,20,20,2023-03-26
CH*AVIA,1,1,2,2023-03-26
CH*CCC,650,1686,1686,2023-03-26
CH*DIE,1,1,2,2023-03-26
CH*EBS,4,4,13,2023-03-26
CH*ECU,1800,2464,2464,2023-03-26
CH*ENMOBILECHARGE,16,32,32,2023-03-26
CH*EVAEMOBILITAET,2,4,4,2023-03-26
CH*EWACHARGE,18,42,42,2023-03-26
CH*EWD,8,8,24,2023-03-26
CH*EWO,7,7,11,2023-03-26
CH*FASTNED,3,12,18,2023-03-26
CH*HER,1,1,4,2023-03-26
CH*ION,10,58,58,2023-03-26
CH*LIDL,46,46,138,2023-03-26
CH*MIG,19,27,56,2023-03-26
CH*MOBILECHARGE,20,52,52,2023-03-26
CH*MOBIMOEMOBILITY,3,5,5,2023-03-26
CH*PACEMOBILITY,1,1,1,2023-03-26
CH*PARKCHARGE,4,13,13,2023-03-26
CH*REP,159,410,410,2023-03-26
CH*SCHARGE,1,1,1,2023-03-26
CH*SWISSCHARGE,949,2685,2742,2023-03-26
CH*TAE,1,131,131,2023-03-26
CHEVP,1310,2718,5353,2023-03-26
CH*AIL,2,20,20,2023-03-27
CH*AVIA,1,1,2,2023-03-27
CH*CCC,650,1686,1686,2023-03-27
CH*DIE,1,1,2,2023-03-27
CH*EBS,4,4,13,2023-03-27
CH*ECU,1800,2464,2464,2023-03-27
CH*ENMOBILECHARGE,16,32,32,2023-03-27
CH*EVAEMOBILITAET,2,4,4,2023-03-27
CH*EWACHARGE,18,42,42,2023-03-27
CH*EWD,8,8,24,2023-03-27
CH*EWO,7,7,11,2023-03-27
CH*FASTNED,3,12,18,2023-03-27
CH*HER,1,1,4,2023-03-27
CH*ION,10,58,58,2023-03-27
CH*LIDL,46,46,138,2023-03-27
CH*MIG,19,27,56,2023-03-27
CH*MOBILECHARGE,20,52,52,2023-03-27
CH*MOBIMOEMOBILITY,3,5,5,2023-03-27
CH*PACEMOBILITY,1,1,1,2023-03-27
CH*PARKCHARGE,4,13,13,2023-03-27
CH*REP,159,410,410,2023-03-27
CH*SCHARGE,1,1,1,2023-03-27
CH*SWISSCHARGE,949,2685,2742,2023-03-27
CH*TAE,1,131,131,2023-03-27
CHEVP,1310,2718,5353,2023-03-27
CH*AIL,2,20,20,2023-03-28
CH*AVIA,1,1,2,2023-03-28
CH*CCC,650,1686,1686,2023-03-28
CH*DIE,1,1,2,2023-03-28
CH*EBS,4,4,13,2023-03-28
CH*ECU,1803,2478,2478,2023-03-28
CH*ENMOBILECHARGE,16,32,32,2023-03-28
CH*EVAEMOBILITAET,2,4,4,2023-03-28
CH*EWACHARGE,18,42,42,2023-03-28
CH*EWD,8,8,24,2023-03-28
CH*EWO,7,7,11,2023-03-28
CH*FASTNED,3,12,18,2023-03-28
CH*HER,1,1,4,2023-03-28
CH*ION,10,58,58,2023-03-28
CH*LIDL,46,46,138,2023-03-28
CH*MIG,19,27,56,2023-03-28
CH*MOBILECHARGE,20,52,52,2023-03-28
CH*MOBIMOEMOBILITY,3,5,5,2023-03-28
CH*PACEMOBILITY,1,1,1,2023-03-28
CH*PARKCHARGE,4,13,13,2023-03-28
CH*REP,159,410,410,2023-03-28
CH*SCHARGE,1,1,1,2023-03-28
CH*SWISSCHARGE,947,2677,2734,2023-03-28
CH*TAE,1,131,131,2023-03-28
CHEVP,1310,2721,5363,2023-03-28
CH*AIL,2,20,20,2023-03-29
CH*AVIA,1,1,2,2023-03-29
CH*CCC,649,1682,1682,2023-03-29
CH*DIE,1,1,2,2023-03-29
CH*EBS,4,4,13,2023-03-29
CH*ECU,1805,2481,2481,2023-03-29
CH*ENMOBILECHARGE,16,32,32,2023-03-29
CH*EVAEMOBILITAET,2,4,4,2023-03-29
CH*EWACHARGE,18,42,42,2023-03-29
CH*EWD,8,8,24,2023-03-29
CH*EWO,7,7,11,2023-03-29
CH*FASTNED,3,12,18,2023-03-29
CH*HER,1,1,4,2023-03-29
CH*ION,10,58,58,2023-03-29
CH*LIDL,46,46,138,2023-03-29
CH*MIG,19,27,56,2023-03-29
CH*MOBILECHARGE,20,52,52,2023-03-29
CH*MOBIMOEMOBILITY,3,5,5,2023-03-29
CH*PACEMOBILITY,1,1,1,2023-03-29
CH*PARKCHARGE,4,13,13,2023-03-29
CH*REP,159,410,410,2023-03-29
CH*SCHARGE,1,1,1,2023-03-29
CH*SWISSCHARGE,949,2678,2736,2023-03-29
CH*TAE,1,131,131,2023-03-29
CH*TES,29,336,336,2023-03-29
CHEVP,1310,2719,5362,2023-03-29
CH*AIL,2,20,20,2023-03-30
CH*AVIA,1,1,2,2023-03-30
CH*CCC,649,1682,1682,2023-03-30
CH*DIE,1,1,2,2023-03-30
CH*EBS,4,4,13,2023-03-30
CH*ECU,1810,2490,2490,2023-03-30
CH*ENMOBILECHARGE,16,32,32,2023-03-30
CH*EVAEMOBILITAET,2,4,4,2023-03-30
CH*EWACHARGE,18,42,42,2023-03-30
CH*EWD,8,8,24,2023-03-30
CH*EWO,7,7,11,2023-03-30
CH*FASTNED,3,12,18,2023-03-30
CH*HER,1,1,4,2023-03-30
CH*ION,10,58,58,2023-03-30
CH*LIDL,46,46,138,2023-03-30
CH*MIG,19,27,56,2023-03-30
CH*MOBILECHARGE,20,52,52,2023-03-30
CH*MOBIMOEMOBILITY,3,5,5,2023-03-30
CH*PACEMOBILITY,1,1,1,2023-03-30
CH*PARKCHARGE,4,13,13,2023-03-30
CH*REP,159,410,410,2023-03-30
CH*SCHARGE,1,1,1,2023-03-30
CH*SWISSCHARGE,949,2678,2736,2023-03-30
CH*TAE,1,131,131,2023-03-30
CH*TES,29,336,336,2023-03-30
CHEVP,1311,2720,5364,2023-03-30
CH*AIL,2,20,20,2023-03-31
CH*AVIA,1,1,2,2023-03-31
CH*CCC,649,1682,1682,2023-03-31
CH*DIE,1,1,2,2023-03-31
CH*EBS,4,4,13,2023-03-31
CH*ECU,1810,2490,2490,2023-03-31
CH*ENMOBILECHARGE,16,32,32,2023-03-31
CH*EVAEMOBILITAET,2,4,4,2023-03-31
CH*EWACHARGE,18,42,42,2023-03-31
CH*EWD,8,8,24,2023-03-31
CH*EWO,7,7,11,2023-03-31
CH*FASTNED,3,12,18,2023-03-31
CH*HER,1,1,4,2023-03-31
CH*ION,10,58,58,2023-03-31
CH*LIDL,46,46,138,2023-03-31
CH*MIG,19,27,56,2023-03-31
CH*MOBILECHARGE,20,52,52,2023-03-31
CH*MOBIMOEMOBILITY,3,5,5,2023-03-31
CH*PACEMOBILITY,1,1,1,2023-03-31
CH*PARKCHARGE,4,13,13,2023-03-31
CH*REP,159,410,410,2023-03-31
CH*SCHARGE,1,1,1,2023-03-31
CH*SWISSCHARGE,949,2678,2736,2023-03-31
CH*TAE,1,131,131,2023-03-31
CH*TES,29,336,336,2023-03-31
CHEVP,1311,2720,5364,2023-03-31
CH*AIL,2,20,20,2023-04-01
CH*AVIA,1,1,2,2023-04-01
CH*CCC,651,1690,1690,2023-04-01
CH*DIE,1,1,2,2023-04-01
CH*EBS,4,4,13,2023-04-01
CH*ECU,1819,2499,2499,2023-04-01
CH*ENMOBILECHARGE,16,32,32,2023-04-01
CH*EVAEMOBILITAET,2,4,4,2023-04-01
CH*EWACHARGE,18,42,42,2023-04-01
CH*EWD,8,8,24,2023-04-01
CH*EWO,7,7,11,2023-04-01
CH*FASTNED,3,12,18,2023-04-01
CH*HER,1,1,4,2023-04-01
CH*ION,10,58,58,2023-04-01
CH*LIDL,46,46,138,2023-04-01
CH*MIG,19,27,56,2023-04-01
CH*MOBILECHARGE,20,52,52,2023-04-01
CH*MOBIMOEMOBILITY,3,5,5,2023-04-01
CH*PACEMOBILITY,1,1,1,2023-04-01
CH*PARKCHARGE,4,13,13,2023-04-01
CH*REP,160,412,412,2023-04-01
CH*SCHARGE,1,1,1,2023-04-01
CH*SWISSCHARGE,897,2485,2538,2023-04-01
CH*TAE,1,131,131,2023-04-01
CH*TES,29,336,336,2023-04-01
CHEVP,1310,2713,5351,2023-04-01
CH*AIL,2,20,20,2023-04-02
CH*AVIA,1,1,2,2023-04-02
CH*CCC,651,1690,1690,2023-04-02
CH*DIE,1,1,2,2023-04-02
CH*EBS,4,4,13,2023-04-02
CH*ECU,1819,2499,2499,2023-04-02
CH*ENMOBILECHARGE,16,32,32,2023-04-02
CH*EVAEMOBILITAET,2,4,4,2023-04-02
CH*EWACHARGE,18,42,42,2023-04-02
CH*EWD,8,8,24,2023-04-02
CH*EWO,7,7,11,2023-04-02
CH*FASTNED,3,12,18,2023-04-02
CH*HER,1,1,4,2023-04-02
CH*ION,10,58,58,2023-04-02
CH*LIDL,46,46,138,2023-04-02
CH*MIG,19,27,56,2023-04-02
CH*MOBILECHARGE,20,52,52,2023-04-02
CH*MOBIMOEMOBILITY,3,5,5,2023-04-02
CH*PACEMOBILITY,1,1,1,2023-04-02
CH*PARKCHARGE,4,13,13,2023-04-02
CH*REP,160,412,412,2023-04-02
CH*SCHARGE,1,1,1,2023-04-02
CH*SWISSCHARGE,897,2485,2538,2023-04-02
CH*TAE,1,131,131,2023-04-02
CH*TES,29,336,336,2023-04-02
CHEVP,1310,2713,5351,2023-04-02
CH*AIL,2,20,20,2023-04-03
CH*AVIA,1,1,2,2023-04-03
CH*CCC,651,1690,1690,2023-04-03
CH*DIE,1,1,2,2023-04-03
CH*EBS,4,4,13,2023-04-03
CH*ECU,1822,2502,2502,2023-04-03
CH*ENMOBILECHARGE,16,32,32,2023-04-03
CH*EVAEMOBILITAET,2,4,4,2023-04-03
CH*EWACHARGE,18,42,42,2023-04-03
CH*EWD,8,8,24,2023-04-03
CH*EWO,7,7,11,2023-04-03
CH*FASTNED,3,12,18,2023-04-03
CH*HER,1,1,4,2023-04-03
CH*ION,10,58,58,2023-04-03
CH*LIDL,46,46,138,2023-04-03
CH*MIG,19,27,56,2023-04-03
CH*MOBILECHARGE,20,52,52,2023-04-03
CH*MOBIMOEMOBILITY,3,5,5,2023-04-03
CH*PACEMOBILITY,1,1,1,2023-04-03
CH*PARKCHARGE,4,13,13,2023-04-03
CH*REP,160,412,412,2023-04-03
CH*SCHARGE,1,1,1,2023-04-03
CH*SWISSCHARGE,953,2684,2744,2023-04-03
CH*TAE,1,131,131,2023-04-03
CH*TES,29,336,336,2023-04-03
CHEVP,1311,2714,5353,2023-04-03
CH*AIL,2,20,20,2023-04-04
CH*AVIA,1,1,2,2023-04-04
CH*CCC,651,1690,1690,2023-04-04
CH*DIE,1,1,2,2023-04-04
CH*EBS,4,4,13,2023-04-04
CH*ECU,1822,2501,2501,2023-04-04
CH*ENMOBILECHARGE,16,32,32,2023-04-04
CH*EVAEMOBILITAET,2,4,4,2023-04-04
CH*EWACHARGE,18,42,42,2023-04-04
CH*EWD,8,8,24,2023-04-04
CH*EWO,7,7,11,2023-04-04
CH*FASTNED,3,12,18,2023-04-04
CH*HER,1,1,4,2023-04-04
CH*ION,10,58,58,2023-04-04
CH*LIDL,46,46,138,2023-04-04
CH*MIG,19,27,56,2023-04-04
CH*MOBILECHARGE,20,52,52,2023-04-04
CH*MOBIMOEMOBILITY,3,5,5,2023-04-04
CH*PACEMOBILITY,1,1,1,2023-04-04
CH*PARKCHARGE,4,13,13,2023-04-04
CH*REP,161,412,412,2023-04-04
CH*SCHARGE,1,1,1,2023-04-04
CH*SWISSCHARGE,955,2688,2748,2023-04-04
CH*TAE,1,131,131,2023-04-04
CH*TES,29,336,336,2023-04-04
CHEVP,1313,2722,5365,2023-04-04
CH*AIL,2,20,20,2023-04-05
CH*AVIA,1,1,2,2023-04-05
CH*CCC,651,1690,1690,2023-04-05
CH*DIE,1,1,2,2023-04-05
CH*EBS,4,4,13,2023-04-05
CH*ECU,1826,2506,2506,2023-04-05
CH*ENMOBILECHARGE,16,32,32,2023-04-05
CH*EVAEMOBILITAET,2,4,4,2023-04-05
CH*EWACHARGE,18,42,42,2023-04-05
CH*EWD,8,8,24,2023-04-05
CH*EWO,7,7,11,2023-04-05
CH*FASTNED,3,12,18,2023-04-05
CH*HER,1,1,4,2023-04-05
CH*ION,10,58,58,2023-04-05
CH*LIDL,46,46,138,2023-04-05
CH*MIG,19,27,56,2023-04-05
CH*MOBILECHARGE,20,52,52,2023-04-05
CH*MOBIMOEMOBILITY,3,5,5,2023-04-05
CH*PACEMOBILITY,1,1,1,2023-04-05
CH*PARKCHARGE,4,13,13,2023-04-05
CH*REP,161,414,414,2023-04-05
CH*SCHARGE,1,1,1,2023-04-05
CH*SWISSCHARGE,960,2700,2761,2023-04-05
CH*TAE,1,131,131,2023-04-05
CH*TES,29,336,336,2023-04-05
CHEVP,1314,2725,5371,2023-04-05
CH*AIL,2,20,20,2023-04-06
CH*AVIA,1,1,2,2023-04-06
CH*CCC,650,1687,1687,2023-04-06
CH*DIE,1,1,2,2023-04-06
CH*EBS,4,4,13,2023-04-06
CH*ECU,1823,2502,2502,2023-04-06
CH*ENMOBILECHARGE,16,32,32,2023-04-06
CH*EVAEMOBILITAET,2,4,4,2023-04-06
CH*EWACHARGE,18,42,42,2023-04-06
CH*EWD,8,8,24,2023-04-06
CH*EWO,7,7,11,2023-04-06
CH*FASTNED,3,12,18,2023-04-06
CH*HER,1,1,4,2023-04-06
CH*ION,10,58,58,2023-04-06
CH*LIDL,46,46,138,2023-04-06
CH*MIG,19,27,56,2023-04-06
CH*MOBILECHARGE,20,52,52,2023-04-06
CH*MOBIMOEMOBILITY,3,5,5,2023-04-06
CH*PACEMOBILITY,1,1,1,2023-04-06
CH*PARKCHARGE,4,13,13,2023-04-06
CH*REP,161,415,415,2023-04-06
CH*SCHARGE,1,1,1,2023-04-06
CH*SWISSCHARGE,961,2703,2763,2023-04-06
CH*TAE,1,131,131,2023-04-06
CH*TES,29,336,336,2023-04-06
CHEVP,1313,2726,5372,2023-04-06
CH*AIL,2,20,20,2023-04-07
CH*AVIA,1,1,2,2023-04-07
CH*CCC,650,1687,1687,2023-04-07
CH*DIE,1,1,2,2023-04-07
CH*EBS,4,4,13,2023-04-07
CH*ECU,1830,2512,2512,2023-04-07
CH*ENMOBILECHARGE,16,32,32,2023-04-07
CH*EVAEMOBILITAET,2,4,4,2023-04-07
CH*EWACHARGE,18,42,42,2023-04-07
CH*EWD,8,8,24,2023-04-07
CH*EWO,7,7,11,2023-04-07
CH*FASTNED,3,12,18,2023-04-07
CH*HER,1,1,4,2023-04-07
CH*ION,10,58,58,2023-04-07
CH*LIDL,46,46,138,2023-04-07
CH*MIG,19,27,56,2023-04-07
CH*MOBILECHARGE,20,52,52,2023-04-07
CH*MOBIMOEMOBILITY,3,5,5,2023-04-07
CH*PACEMOBILITY,1,1,1,2023-04-07
CH*PARKCHARGE,4,13,13,2023-04-07
CH*REP,162,419,419,2023-04-07
CH*SCHARGE,1,1,1,2023-04-07
CH*SWISSCHARGE,962,2710,2770,2023-04-07
CH*TAE,1,131,131,2023-04-07
CH*TES,29,336,336,2023-04-07
CHEVP,1314,2729,5373,2023-04-07
CH*AIL,2,20,20,2023-04-08
CH*AVIA,1,1,2,2023-04-08
CH*CCC,650,1687,1687,2023-04-08
CH*DIE,1,1,2,2023-04-08
CH*EBS,4,4,13,2023-04-08
CH*ECU,1833,2516,2516,2023-04-08
CH*ENMOBILECHARGE,16,32,32,2023-04-08
CH*EVAEMOBILITAET,2,4,4,2023-04-08
CH*EWACHARGE,18,42,42,2023-04-08
CH*EWD,8,8,24,2023-04-08
CH*EWO,7,7,11,2023-04-08
CH*FASTNED,3,12,18,2023-04-08
CH*HER,1,1,4,2023-04-08
CH*ION,10,58,58,2023-04-08
CH*LIDL,46,46,138,2023-04-08
CH*MIG,19,27,56,2023-04-08
CH*MOBILECHARGE,20,52,52,2023-04-08
CH*MOBIMOEMOBILITY,3,5,5,2023-04-08
CH*PACEMOBILITY,1,1,1,2023-04-08
CH*PARKCHARGE,4,13,13,2023-04-08
CH*REP,163,419,419,2023-04-08
CH*SCHARGE,1,1,1,2023-04-08
CH*SWISSCHARGE,962,2710,2770,2023-04-08
CH*TAE,1,131,131,2023-04-08
CH*TES,29,336,336,2023-04-08
CHEVP,1315,2729,5373,2023-04-08
CH*AIL,2,20,20,2023-04-09
CH*AVIA,1,1,2,2023-04-09
CH*CCC,650,1687,1687,2023-04-09
CH*DIE,1,1,2,2023-04-09
CH*EBS,4,4,13,2023-04-09
CH*ECU,1833,2516,2516,2023-04-09
CH*ENMOBILECHARGE,16,32,32,2023-04-09
CH*EVAEMOBILITAET,2,4,4,2023-04-09
CH*EWACHARGE,18,42,42,2023-04-09
CH*EWD,8,8,24,2023-04-09
CH*EWO,7,7,11,2023-04-09
CH*FASTNED,3,12,18,2023-04-09
CH*HER,1,1,4,2023-04-09
CH*ION,10,58,58,2023-04-09
CH*LIDL,46,46,138,2023-04-09
CH*MIG,19,27,56,2023-04-09
CH*MOBILECHARGE,20,52,52,2023-04-09
CH*MOBIMOEMOBILITY,3,5,5,2023-04-09
CH*PACEMOBILITY,1,1,1,2023-04-09
CH*PARKCHARGE,4,13,13,2023-04-09
CH*REP,162,419,419,2023-04-09
CH*SCHARGE,1,1,1,2023-04-09
CH*SWISSCHARGE,962,2710,2770,2023-04-09
CH*TAE,1,131,131,2023-04-09
CH*TES,29,336,336,2023-04-09
CHEVP,1315,2729,5373,2023-04-09
CH*AIL,2,20,20,2023-04-10
CH*AVIA,1,1,2,2023-04-10
CH*CCC,650,1687,1687,2023-04-10
CH*DIE,1,1,2,2023-04-10
CH*EBS,4,4,13,2023-04-10
CH*ECU,1833,2516,2516,2023-04-10
CH*ENMOBILECHARGE,16,32,32,2023-04-10
CH*EVAEMOBILITAET,2,4,4,2023-04-10
CH*EWACHARGE,18,42,42,2023-04-10
CH*EWD,8,8,24,2023-04-10
CH*EWO,7,7,11,2023-04-10
CH*FASTNED,3,12,18,2023-04-10
CH*HER,1,1,4,2023-04-10
CH*ION,10,58,58,2023-04-10
CH*LIDL,46,46,138,2023-04-10
CH*MIG,19,27,56,2023-04-10
CH*MOBILECHARGE,20,52,52,2023-04-10
CH*MOBIMOEMOBILITY,3,5,5,2023-04-10
CH*PACEMOBILITY,1,1,1,2023-04-10
CH*PARKCHARGE,4,13,13,2023-04-10
CH*REP,162,419,419,2023-04-10
CH*SCHARGE,1,1,1,2023-04-10
CH*SWISSCHARGE,962,2710,2770,2023-04-10
CH*TAE,1,131,131,2023-04-10
CH*TES,29,336,336,2023-04-10
CHEVP,1315,2729,5373,2023-04-10
CH*AIL,2,20,20,2023-04-11
CH*AVIA,1,1,2,2023-04-11
CH*CCC,650,1687,1687,2023-04-11
CH*DIE,1,1,2,2023-04-11
CH*EBS,4,4,13,2023-04-11
CH*ECU,1833,2516,2516,2023-04-11
CH*ENMOBILECHARGE,16,32,32,2023-04-11
CH*EVAEMOBILITAET,2,4,4,2023-04-11
CH*EWACHARGE,18,42,42,2023-04-11
CH*EWD,8,8,24,2023-04-11
CH*EWO,7,7,11,2023-04-11
CH*FASTNED,3,12,18,2023-04-11
CH*HER,1,1,4,2023-04-11
CH*ION,10,58,58,2023-04-11
CH*LIDL,46,46,138,2023-04-11
CH*MIG,19,27,56,2023-04-11
CH*MOBILECHARGE,20,52,52,2023-04-11
CH*MOBIMOEMOBILITY,3,5,5,2023-04-11
CH*PACEMOBILITY,1,1,1,2023-04-11
CH*PARKCHARGE,4,13,13,2023-04-11
CH*REP,162,419,419,2023-04-11
CH*SCHARGE,1,1,1,2023-04-11
CH*SWISSCHARGE,962,2710,2770,2023-04-11
CH*TAE,1,131,131,2023-04-11
CH*TES,29,336,336,2023-04-11
CHEVP,1315,2729,5373,2023-04-11
CH*AIL,2,20,20,2023-04-12
CH*AVIA,1,1,2,2023-04-12
CH*CCC,650,1687,1687,2023-04-12
CH*DIE,1,1,2,2023-04-12
CH*EBS,4,4,13,2023-04-12
CH*ECU,1834,2517,2517,2023-04-12
CH*ENMOBILECHARGE,16,32,32,2023-04-12
CH*EVAEMOBILITAET,2,4,4,2023-04-12
CH*EWACHARGE,18,42,42,2023-04-12
CH*EWD,8,8,24,2023-04-12
CH*EWO,7,7,11,2023-04-12
CH*FASTNED,3,12,18,2023-04-12
CH*HER,1,1,4,2023-04-12
CH*ION,10,58,58,2023-04-12
CH*LIDL,46,46,138,2023-04-12
CH*MIG,19,27,56,2023-04-12
CH*MOBILECHARGE,20,52,52,2023-04-12
CH*MOBIMOEMOBILITY,3,5,5,2023-04-12
CH*PACEMOBILITY,1,1,1,2023-04-12
CH*PARKCHARGE,4,13,13,2023-04-12
CH*REP,162,419,419,2023-04-12
CH*SCHARGE,1,1,1,2023-04-12
CH*SWISSCHARGE,962,2711,2771,2023-04-12
CH*TAE,1,131,131,2023-04-12
CH*TES,29,336,336,2023-04-12
CHEVP,1316,2731,5377,2023-04-12
CH*AIL,2,20,20,2023-04-13
CH*AVIA,1,1,2,2023-04-13
CH*CCC,651,1689,1689,2023-04-13
CH*DIE,1,1,2,2023-04-13
CH*EBS,4,4,13,2023-04-13
CH*ECU,1844,2541,2541,2023-04-13
CH*ENMOBILECHARGE,16,32,32,2023-04-13
CH*EVAEMOBILITAET,2,4,4,2023-04-13
CH*EWACHARGE,18,42,42,2023-04-13
CH*EWD,8,8,24,2023-04-13
CH*EWO,7,7,11,2023-04-13
CH*FASTNED,3,12,18,2023-04-13
CH*HER,1,1,4,2023-04-13
CH*ION,10,58,58,2023-04-13
CH*LIDL,46,46,138,2023-04-13
CH*MIG,19,27,56,2023-04-13
CH*MOBILECHARGE,20,52,52,2023-04-13
CH*MOBIMOEMOBILITY,3,5,5,2023-04-13
CH*PACEMOBILITY,1,1,1,2023-04-13
CH*PARKCHARGE,4,13,13,2023-04-13
CH*REP,163,419,419,2023-04-13
CH*SCHARGE,1,1,1,2023-04-13
CH*SWISSCHARGE,966,2719,2780,2023-04-13
CH*TAE,1,131,131,2023-04-13
CH*TES,29,336,336,2023-04-13
CHEVP,1318,2734,5383,2023-04-13
CH*AIL,2,20,20,2023-04-14
CH*AVIA,1,1,2,2023-04-14
CH*CCC,651,1689,1689,2023-04-14
CH*DIE,1,1,2,2023-04-14
CH*EBS,4,4,13,2023-04-14
CH*ECU,1852,2543,2543,2023-04-14
CH*ENMOBILECHARGE,16,32,32,2023-04-14
CH*EVAEMOBILITAET,2,4,4,2023-04-14
CH*EWACHARGE,18,42,42,2023-04-14
CH*EWD,8,8,24,2023-04-14
CH*EWO,7,7,11,2023-04-14
CH*FASTNED,3,12,18,2023-04-14
CH*HER,1,1,4,2023-04-14
CH*ION,10,58,58,2023-04-14
CH*LIDL,46,46,138,2023-04-14
CH*MIG,19,27,56,2023-04-14
CH*MOBILECHARGE,20,52,52,2023-04-14
CH*MOBIMOEMOBILITY,3,5,5,2023-04-14
CH*PACEMOBILITY,1,1,1,2023-04-14
CH*PARKCHARGE,4,13,13,2023-04-14
CH*REP,163,419,419,2023-04-14
CH*SCHARGE,1,1,1,2023-04-14
CH*SWISSCHARGE,964,2713,2774,2023-04-14
CH*TAE,1,131,131,2023-04-14
CH*TES,29,336,336,2023-04-14
CHEVP,1321,2738,5390,2023-04-14
CH*AIL,2,20,20,2023-04-15
CH*AVIA,1,1,2,2023-04-15
CH*CCC,651,1689,1689,2023-04-15
CH*DIE,1,1,2,2023-04-15
CH*EBS,4,4,13,2023-04-15
CH*ECU,1862,2553,2553,2023-04-15
CH*ENMOBILECHARGE,16,32,32,2023-04-15
CH*EVAEMOBILITAET,2,4,4,2023-04-15
CH*EWACHARGE,18,42,42,2023-04-15
CH*EWD,8,8,24,2023-04-15
CH*EWO,7,7,11,2023-04-15
CH*FASTNED,3,12,18,2023-04-15
CH*HER,1,1,4,2023-04-15
CH*ION,10,58,58,2023-04-15
CH*LIDL,46,46,138,2023-04-15
CH*MIG,19,27,56,2023-04-15
CH*MOBILECHARGE,20,52,52,2023-04-15
CH*MOBIMOEMOBILITY,3,5,5,2023-04-15
CH*PACEMOBILITY,1,1,1,2023-04-15
CH*PARKCHARGE,4,13,13,2023-04-15
CH*REP,162,419,419,2023-04-15
CH*SCHARGE,1,1,1,2023-04-15
CH*SWISSCHARGE,965,2716,2777,2023-04-15
CH*TAE,1,131,131,2023-04-15
CH*TES,29,336,336,2023-04-15
CHEVP,1321,2739,5392,2023-04-15
CH*AIL,2,20,20,2023-04-16
CH*AVIA,1,1,2,2023-04-16
CH*CCC,651,1689,1689,2023-04-16
CH*DIE,1,1,2,2023-04-16
CH*EBS,4,4,13,2023-04-16
CH*ECU,1853,2544,2544,2023-04-16
CH*ENMOBILECHARGE,16,32,32,2023-04-16
CH*EVAEMOBILITAET,2,4,4,2023-04-16
CH*EWACHARGE,18,42,42,2023-04-16
CH*EWD,8,8,24,2023-04-16
CH*EWO,7,7,11,2023-04-16
CH*FASTNED,3,12,18,2023-04-16
CH*HER,1,1,4,2023-04-16
CH*ION,10,58,58,2023-04-16
CH*LIDL,46,46,138,2023-04-16
CH*MIG,19,27,56,2023-04-16
CH*MOBILECHARGE,20,52,52,2023-04-16
CH*MOBIMOEMOBILITY,3,5,5,2023-04-16
CH*PACEMOBILITY,1,1,1,2023-04-16
CH*PARKCHARGE,4,13,13,2023-04-16
CH*REP,162,419,419,2023-04-16
CH*SCHARGE,1,1,1,2023-04-16
CH*SWISSCHARGE,965,2716,2777,2023-04-16
CH*TAE,1,131,131,2023-04-16
CH*TES,29,336,336,2023-04-16
CHEVP,1321,2739,5392,2023-04-16
CH*AIL,2,20,20,2023-04-17
CH*AVIA,1,1,2,2023-04-17
CH*CCC,651,1689,1689,2023-04-17
CH*DIE,1,1,2,2023-04-17
CH*EBS,4,4,13,2023-04-17
CH*ECU,1851,2542,2542,2023-04-17
CH*ENMOBILECHARGE,16,32,32,2023-04-17
CH*EVAEMOBILITAET,2,4,4,2023-04-17
CH*EWACHARGE,18,42,42,2023-04-17
CH*EWD,8,8,24,2023-04-17
CH*EWO,7,7,11,2023-04-17
CH*FASTNED,3,12,18,2023-04-17
CH*HER,1,1,4,2023-04-17
CH*ION,10,58,58,2023-04-17
CH*LIDL,46,46,138,2023-04-17
CH*MIG,19,27,56,2023-04-17
CH*MOBILECHARGE,20,52,52,2023-04-17
CH*MOBIMOEMOBILITY,3,5,5,2023-04-17
CH*PACEMOBILITY,1,1,1,2023-04-17
CH*PARKCHARGE,4,13,13,2023-04-17
CH*REP,162,419,419,2023-04-17
CH*SCHARGE,1,1,1,2023-04-17
CH*SWISSCHARGE,965,2716,2777,2023-04-17
CH*TAE,1,131,131,2023-04-17
CH*TES,29,336,336,2023-04-17
CHEVP,1321,2739,5392,2023-04-17
CH*AIL,2,20,20,2023-04-18
CH*AVIA,1,1,2,2023-04-18
CH*CCC,651,1690,1690,2023-04-18
CH*DIE,1,1,2,2023-04-18
CH*EBS,4,4,13,2023-04-18
CH*ECU,1851,2542,2542,2023-04-18
CH*ENMOBILECHARGE,16,32,32,2023-04-18
CH*EVAEMOBILITAET,2,4,4,2023-04-18
CH*EWACHARGE,18,42,42,2023-04-18
CH*EWD,8,8,24,2023-04-18
CH*EWO,7,7,11,2023-04-18
CH*FASTNED,3,12,18,2023-04-18
CH*HER,1,1,4,2023-04-18
CH*ION,10,58,58,2023-04-18
CH*LIDL,46,46,138,2023-04-18
CH*MIG,19,27,56,2023-04-18
CH*MOBILECHARGE,20,52,52,2023-04-18
CH*MOBIMOEMOBILITY,3,5,5,2023-04-18
CH*PACEMOBILITY,1,1,1,2023-04-18
CH*PARKCHARGE,3,5,5,2023-04-18
CH*REP,162,419,419,2023-04-18
CH*SCHARGE,1,1,1,2023-04-18
CH*SWISSCHARGE,967,2717,2778,2023-04-18
CH*TAE,1,131,131,2023-04-18
CH*TES,29,336,336,2023-04-18
CHEVP,1319,2735,5380,2023-04-18
CH*AIL,2,20,20,2023-04-19
CH*AVIA,1,1,2,2023-04-19
CH*CCC,653,1692,1692,2023-04-19
CH*DIE,1,1,2,2023-04-19
CH*EBS,4,4,13,2023-04-19
CH*ECU,1854,2552,2552,2023-04-19
CH*ENMOBILECHARGE,16,32,32,2023-04-19
CH*EVAEMOBILITAET,2,4,4,2023-04-19
CH*EWACHARGE,18,42,42,2023-04-19
CH*EWD,8,8,24,2023-04-19
CH*EWO,7,7,11,2023-04-19
CH*FASTNED,3,12,18,2023-04-19
CH*HER,1,1,4,2023-04-19
CH*ION,10,58,58,2023-04-19
CH*LIDL,46,46,138,2023-04-19
CH*MIG,19,27,56,2023-04-19
CH*MOBILECHARGE,21,54,54,2023-04-19
CH*MOBIMOEMOBILITY,3,5,5,2023-04-19
CH*PACEMOBILITY,1,1,1,2023-04-19
CH*PARKCHARGE,3,5,5,2023-04-19
CH*REP,163,419,419,2023-04-19
CH*SCHARGE,1,1,1,2023-04-19
CH*SWISSCHARGE,969,2720,2781,2023-04-19
CH*TAE,1,131,131,2023-04-19
CH*TES,29,336,336,2023-04-19
CHEVP,1320,2735,5379,2023-04-19
CH*AIL,2,20,20,2023-04-20
CH*AVIA,1,1,2,2023-04-20
CH*CCC,652,1692,1692,2023-04-20
CH*DIE,1,1,2,2023-04-20
CH*EBS,4,4,13,2023-04-20
CH*ECU,1862,2560,2560,2023-04-20
CH*ENMOBILECHARGE,16,32,32,2023-04-20
CH*EVAEMOBILITAET,2,4,4,2023-04-20
CH*EWACHARGE,18,42,42,2023-04-20
CH*EWD,8,8,24,2023-04-20
CH*EWO,7,7,11,2023-04-20
CH*FASTNED,3,12,18,2023-04-20
CH*HER,1,1,4,2023-04-20
CH*ION,10,58,58,2023-04-20
CH*LIDL,46,46,138,2023-04-20
CH*MIG,19,27,56,2023-04-20
CH*MOBILECHARGE,22,62,62,2023-04-20
CH*MOBIMOEMOBILITY,3,5,5,2023-04-20
CH*PACEMOBILITY,1,1,1,2023-04-20
CH*PARKCHARGE,3,5,5,2023-04-20
CH*REP,162,419,419,2023-04-20
CH*SCHARGE,1,1,1,2023-04-20
CH*SWISSCHARGE,972,2731,2792,2023-04-20
CH*TAE,1,131,131,2023-04-20
CH*TES,29,336,336,2023-04-20
CHEVP,1322,2737,5383,2023-04-20
CH*AIL,2,20,20,2023-04-21
CH*AVIA,1,1,2,2023-04-21
CH*CCC,652,1692,1692,2023-04-21
CH*DIE,1,1,2,2023-04-21
CH*EBS,4,4,13,2023-04-21
CH*ECU,1858,2551,2551,2023-04-21
CH*ENMOBILECHARGE,16,32,32,2023-04-21
CH*EVAEMOBILITAET,2,4,4,2023-04-21
CH*EWACHARGE,18,42,42,2023-04-21
CH*EWD,8,8,24,2023-04-21
CH*EWO,7,7,11,2023-04-21
CH*FASTNED,3,12,18,2023-04-21
CH*HER,1,1,4,2023-04-21
CH*ION,10,58,58,2023-04-21
CH*LIDL,46,46,138,2023-04-21
CH*MIG,19,27,56,2023-04-21
CH*MOBILECHARGE,22,62,62,2023-04-21
CH*MOBIMOEMOBILITY,3,5,5,2023-04-21
CH*PACEMOBILITY,1,1,1,2023-04-21
CH*PARKCHARGE,3,5,5,2023-04-21
CH*REP,162,419,419,2023-04-21
CH*SCHARGE,1,1,1,2023-04-21
CH*SWISSCHARGE,893,2531,2588,2023-04-21
CH*TAE,1,131,131,2023-04-21
CH*TES,29,336,336,2023-04-21
CHEVP,1326,2746,5394,2023-04-21
CH*AIL,2,20,20,2023-04-22
CH*AVIA,1,1,2,2023-04-22
CH*CCC,651,1688,1688,2023-04-22
CH*DIE,1,1,2,2023-04-22
CH*EBS,4,4,13,2023-04-22
CH*ECU,1858,2554,2554,2023-04-22
CH*ENMOBILECHARGE,16,32,32,2023-04-22
CH*EVAEMOBILITAET,2,4,4,2023-04-22
CH*EWACHARGE,18,42,42,2023-04-22
CH*EWD,8,8,24,2023-04-22
CH*EWO,7,7,11,2023-04-22
CH*FASTNED,3,12,18,2023-04-22
CH*HER,1,1,4,2023-04-22
CH*ION,10,58,58,2023-04-22
CH*LIDL,46,46,138,2023-04-22
CH*MIG,19,27,56,2023-04-22
CH*MOBILECHARGE,22,62,62,2023-04-22
CH*MOBIMOEMOBILITY,3,5,5,2023-04-22
CH*PACEMOBILITY,1,1,1,2023-04-22
CH*PARKCHARGE,3,5,5,2023-04-22
CH*REP,162,419,419,2023-04-22
CH*SCHARGE,1,1,1,2023-04-22
CH*SWISSCHARGE,972,2730,2791,2023-04-22
CH*TAE,1,131,131,2023-04-22
CH*TES,29,336,336,2023-04-22
CHEVP,1325,2744,5390,2023-04-22
CH*AIL,2,20,20,2023-04-23
CH*AVIA,1,1,2,2023-04-23
CH*CCC,651,1688,1688,2023-04-23
CH*DIE,1,1,2,2023-04-23
CH*EBS,4,4,13,2023-04-23
CH*ECU,1858,2554,2554,2023-04-23
CH*ENMOBILECHARGE,16,32,32,2023-04-23
CH*EVAEMOBILITAET,2,4,4,2023-04-23
CH*EWACHARGE,18,42,42,2023-04-23
CH*EWD,8,8,24,2023-04-23
CH*EWO,7,7,11,2023-04-23
CH*FASTNED,3,12,18,2023-04-23
CH*HER,1,1,4,2023-04-23
CH*ION,10,58,58,2023-04-23
CH*LIDL,46,46,138,2023-04-23
CH*MIG,19,27,56,2023-04-23
CH*MOBILECHARGE,22,62,62,2023-04-23
CH*MOBIMOEMOBILITY,3,5,5,2023-04-23
CH*PACEMOBILITY,1,1,1,2023-04-23
CH*PARKCHARGE,3,5,5,2023-04-23
CH*REP,162,419,419,2023-04-23
CH*SCHARGE,1,1,1,2023-04-23
CH*SWISSCHARGE,972,2730,2791,2023-04-23
CH*TAE,1,131,131,2023-04-23
CH*TES,29,336,336,2023-04-23
CHEVP,1325,2744,5390,2023-04-23
CH*AIL,2,20,20,2023-04-24
CH*AVIA,1,1,2,2023-04-24
CH*CCC,651,1688,1688,2023-04-24
CH*DIE,1,1,2,2023-04-24
CH*EBS,4,4,13,2023-04-24
CH*ECU,1858,2554,2554,2023-04-24
CH*ENMOBILECHARGE,16,32,32,2023-04-24
CH*EVAEMOBILITAET,2,4,4,2023-04-24
CH*EWACHARGE,18,42,42,2023-04-24
CH*EWD,8,8,24,2023-04-24
CH*EWO,7,7,11,2023-04-24
CH*FASTNED,3,12,18,2023-04-24
CH*HER,1,1,4,2023-04-24
CH*ION,10,58,58,2023-04-24
CH*LIDL,46,46,138,2023-04-24
CH*MIG,19,27,56,2023-04-24
CH*MOBILECHARGE,22,62,62,2023-04-24
CH*MOBIMOEMOBILITY,3,5,5,2023-04-24
CH*PACEMOBILITY,1,1,1,2023-04-24
CH*PARKCHARGE,3,5,5,2023-04-24
CH*REP,163,419,419,2023-04-24
CH*SCHARGE,1,1,1,2023-04-24
CH*SWISSCHARGE,972,2730,2791,2023-04-24
CH*TAE,1,131,131,2023-04-24
CH*TES,29,336,336,2023-04-24
CHEVP,1325,2744,5390,2023-04-24
CH*AIL,2,20,20,2023-04-25
CH*AVIA,1,1,2,2023-04-25
CH*CCC,654,1702,1702,2023-04-25
CH*DIE,1,1,2,2023-04-25
CH*EBS,4,4,13,2023-04-25
CH*ECU,1861,2555,2555,2023-04-25
CH*ENMOBILECHARGE,16,32,32,2023-04-25
CH*EVAEMOBILITAET,2,4,4,2023-04-25
CH*EWACHARGE,18,42,42,2023-04-25
CH*EWD,8,8,24,2023-04-25
CH*EWO,7,7,11,2023-04-25
CH*FASTNED,3,12,18,2023-04-25
CH*HER,1,1,4,2023-04-25
CH*ION,10,58,58,2023-04-25
CH*LIDL,46,46,138,2023-04-25
CH*MIG,19,27,56,2023-04-25
CH*MOBILECHARGE,22,62,62,2023-04-25
CH*MOBIMOEMOBILITY,3,5,5,2023-04-25
CH*PACEMOBILITY,1,1,1,2023-04-25
CH*PARKCHARGE,3,5,5,2023-04-25
CH*REP,162,419,419,2023-04-25
CH*SCHARGE,1,1,1,2023-04-25
CH*SWISSCHARGE,975,2734,2794,2023-04-25
CH*TAE,1,131,131,2023-04-25
CH*TES,29,336,336,2023-04-25
CHEVP,1333,2754,5404,2023-04-25
CH*AIL,2,20,20,2023-04-26
CH*AVIA,1,1,2,2023-04-26
CH*CCC,656,1704,1704,2023-04-26
CH*DIE,1,1,2,2023-04-26
CH*EBS,4,4,13,2023-04-26
CH*ECU,1870,2566,2566,2023-04-26
CH*ENMOBILECHARGE,16,32,32,2023-04-26
CH*EVAEMOBILITAET,2,4,4,2023-04-26
CH*EWACHARGE,18,42,42,2023-04-26
CH*EWD,8,8,24,2023-04-26
CH*EWO,7,7,11,2023-04-26
CH*FASTNED,3,12,18,2023-04-26
CH*HER,1,1,4,2023-04-26
CH*ION,10,58,58,2023-04-26
CH*LIDL,46,46,138,2023-04-26
CH*MIG,19,27,56,2023-04-26
CH*MOBILECHARGE,22,63,63,2023-04-26
CH*MOBIMOEMOBILITY,3,5,5,2023-04-26
CH*PACEMOBILITY,1,1,1,2023-04-26
CH*PARKCHARGE,3,5,5,2023-04-26
CH*REP,162,419,419,2023-04-26
CH*SCHARGE,1,1,1,2023-04-26
CH*SWISSCHARGE,982,2748,2809,2023-04-26
CH*TAE,1,131,131,2023-04-26
CH*TES,29,336,336,2023-04-26
CHEVP,1334,2757,5408,2023-04-26
CH*AIL,2,20,20,2023-04-27
CH*AVIA,1,1,2,2023-04-27
CH*CCC,656,1704,1704,2023-04-27
CH*DIE,1,1,2,2023-04-27
CH*EBS,4,4,13,2023-04-27
CH*ECU,1870,2566,2566,2023-04-27
CH*ENMOBILECHARGE,16,32,32,2023-04-27
CH*EVAEMOBILITAET,2,4,4,2023-04-27
CH*EWACHARGE,18,42,42,2023-04-27
CH*EWD,8,8,24,2023-04-27
CH*EWO,7,7,11,2023-04-27
CH*FASTNED,3,12,18,2023-04-27
CH*HER,1,1,4,2023-04-27
CH*ION,10,58,58,2023-04-27
CH*LIDL,46,46,138,2023-04-27
CH*MIG,19,27,56,2023-04-27
CH*MOBILECHARGE,22,63,63,2023-04-27
CH*MOBIMOEMOBILITY,3,5,5,2023-04-27
CH*PACEMOBILITY,1,1,1,2023-04-27
CH*PARKCHARGE,3,5,5,2023-04-27
CH*REP,162,419,419,2023-04-27
CH*SCHARGE,1,1,1,2023-04-27
CH*SWISSCHARGE,982,2748,2809,2023-04-27
CH*TAE,1,131,131,2023-04-27
CH*TES,29,336,336,2023-04-27
CHEVP,1334,2757,5408,2023-04-27
CH*AIL,2,20,20,2023-04-28
CH*AVIA,1,1,2,2023-04-28
CH*CCC,656,1704,1704,2023-04-28
CH*DIE,1,1,2,2023-04-28
CH*EBS,4,4,13,2023-04-28
CH*ECU,1870,2566,2566,2023-04-28
CH*ENMOBILECHARGE,16,32,32,2023-04-28
CH*EVAEMOBILITAET,2,4,4,2023-04-28
CH*EWACHARGE,18,42,42,2023-04-28
CH*EWD,8,8,24,2023-04-28
CH*EWO,7,7,11,2023-04-28
CH*FASTNED,3,12,18,2023-04-28
CH*HER,1,1,4,2023-04-28
CH*ION,10,58,58,2023-04-28
CH*LIDL,46,46,138,2023-04-28
CH*MIG,19,27,56,2023-04-28
CH*MOBILECHARGE,22,63,63,2023-04-28
CH*MOBIMOEMOBILITY,3,5,5,2023-04-28
CH*PACEMOBILITY,1,1,1,2023-04-28
CH*PARKCHARGE,3,5,5,2023-04-28
CH*REP,162,419,419,2023-04-28
CH*SCHARGE,1,1,1,2023-04-28
CH*SWISSCHARGE,982,2748,2809,2023-04-28
CH*TAE,1,131,131,2023-04-28
CH*TES,29,336,336,2023-04-28
CHEVP,1334,2757,5408,2023-04-28
CH*AIL,2,20,20,2023-04-29
CH*AVIA,1,1,2,2023-04-29
CH*CCC,656,1704,1704,2023-04-29
CH*DIE,1,1,2,2023-04-29
CH*EBS,4,4,13,2023-04-29
CH*ECU,1870,2566,2566,2023-04-29
CH*ENMOBILECHARGE,16,32,32,2023-04-29
CH*EVAEMOBILITAET,2,4,4,2023-04-29
CH*EWACHARGE,18,42,42,2023-04-29
CH*EWD,8,8,24,2023-04-29
CH*EWO,7,7,11,2023-04-29
CH*FASTNED,3,12,18,2023-04-29
CH*HER,1,1,4,2023-04-29
CH*ION,10,58,58,2023-04-29
CH*LIDL,46,46,138,2023-04-29
CH*MIG,19,27,56,2023-04-29
CH*MOBILECHARGE,22,63,63,2023-04-29
CH*MOBIMOEMOBILITY,3,5,5,2023-04-29
CH*PACEMOBILITY,1,1,1,2023-04-29
CH*PARKCHARGE,3,5,5,2023-04-29
CH*REP,162,419,419,2023-04-29
CH*SCHARGE,1,1,1,2023-04-29
CH*SWISSCHARGE,982,2748,2809,2023-04-29
CH*TAE,1,131,131,2023-04-29
CH*TES,29,336,336,2023-04-29
CHEVP,1334,2757,5408,2023-04-29
CH*AIL,2,20,20,2023-04-30
CH*AVIA,1,1,2,2023-04-30
CH*CCC,656,1704,1704,2023-04-30
CH*DIE,1,1,2,2023-04-30
CH*EBS,4,4,13,2023-04-30
CH*ECU,1870,2566,2566,2023-04-30
CH*ENMOBILECHARGE,16,32,32,2023-04-30
CH*EVAEMOBILITAET,2,4,4,2023-04-30
CH*EWACHARGE,18,42,42,2023-04-30
CH*EWD,8,8,24,2023-04-30
CH*EWO,7,7,11,2023-04-30
CH*FASTNED,3,12,18,2023-04-30
CH*HER,1,1,4,2023-04-30
CH*ION,10,58,58,2023-04-30
CH*LIDL,46,46,138,2023-04-30
CH*MIG,19,27,56,2023-04-30
CH*MOBILECHARGE,22,63,63,2023-04-30
CH*MOBIMOEMOBILITY,3,5,5,2023-04-30
CH*PACEMOBILITY,1,1,1,2023-04-30
CH*PARKCHARGE,3,5,5,2023-04-30
CH*REP,162,419,419,2023-04-30
CH*SCHARGE,1,1,1,2023-04-30
CH*SWISSCHARGE,982,2748,2809,2023-04-30
CH*TAE,1,131,131,2023-04-30
CH*TES,29,336,336,2023-04-30
CHEVP,1334,2757,5408,2023-04-30
CH*AIL,2,20,20,2023-05-01
CH*AVIA,1,1,2,2023-05-01
CH*CCC,656,1704,1704,2023-05-01
CH*DIE,1,1,2,2023-05-01
CH*EBS,4,4,13,2023-05-01
CH*ECU,1870,2566,2566,2023-05-01
CH*ENMOBILECHARGE,16,32,32,2023-05-01
CH*EVAEMOBILITAET,2,4,4,2023-05-01
CH*EWACHARGE,18,42,42,2023-05-01
CH*EWD,8,8,24,2023-05-01
CH*EWO,7,7,11,2023-05-01
CH*FASTNED,3,12,18,2023-05-01
CH*HER,1,1,4,2023-05-01
CH*ION,10,58,58,2023-05-01
CH*LIDL,46,46,138,2023-05-01
CH*MIG,19,27,56,2023-05-01
CH*MOBILECHARGE,22,63,63,2023-05-01
CH*MOBIMOEMOBILITY,3,5,5,2023-05-01
CH*PACEMOBILITY,1,1,1,2023-05-01
CH*PARKCHARGE,3,5,5,2023-05-01
CH*REP,162,419,419,2023-05-01
CH*SCHARGE,1,1,1,2023-05-01
CH*SWISSCHARGE,982,2748,2809,2023-05-01
CH*TAE,1,131,131,2023-05-01
CH*TES,29,336,336,2023-05-01
CHEVP,1334,2757,5408,2023-05-01
CH*AIL,2,20,20,2023-05-02
CH*AVIA,1,1,2,2023-05-02
CH*CCC,656,1704,1704,2023-05-02
CH*DIE,1,1,2,2023-05-02
CH*EBS,4,4,13,2023-05-02
CH*ECU,1870,2566,2566,2023-05-02
CH*ENMOBILECHARGE,16,32,32,2023-05-02
CH*EVAEMOBILITAET,2,4,4,2023-05-02
CH*EWACHARGE,18,42,42,2023-05-02
CH*EWD,8,8,24,2023-05-02
CH*EWO,7,7,11,2023-05-02
CH*FASTNED,3,12,18,2023-05-02
CH*HER,1,1,4,2023-05-02
CH*ION,10,58,58,2023-05-02
CH*LIDL,46,46,138,2023-05-02
CH*MIG,19,27,56,2023-05-02
CH*MOBILECHARGE,22,63,63,2023-05-02
CH*MOBIMOEMOBILITY,3,5,5,2023-05-02
CH*PACEMOBILITY,1,1,1,2023-05-02
CH*PARKCHARGE,3,5,5,2023-05-02
CH*REP,162,419,419,2023-05-02
CH*SCHARGE,1,1,1,2023-05-02
CH*SWISSCHARGE,982,2748,2809,2023-05-02
CH*TAE,1,131,131,2023-05-02
CH*TES,29,336,336,2023-05-02
CHEVP,1334,2757,5408,2023-05-02
CH*AIL,2,20,20,2023-05-03
CH*AVIA,1,1,2,2023-05-03
CH*CCC,659,1712,1712,2023-05-03
CH*DIE,1,1,2,2023-05-03
CH*EBS,4,4,13,2023-05-03
CH*ECU,1889,2588,2588,2023-05-03
CH*ENMOBILECHARGE,16,32,32,2023-05-03
CH*EVAEMOBILITAET,2,4,4,2023-05-03
CH*EWACHARGE,18,42,42,2023-05-03
CH*EWD,8,8,24,2023-05-03
CH*EWO,7,7,11,2023-05-03
CH*FASTNED,3,12,18,2023-05-03
CH*HER,1,1,4,2023-05-03
CH*ION,10,58,58,2023-05-03
CH*LIDL,46,46,138,2023-05-03
CH*MIG,19,27,56,2023-05-03
CH*MOBILECHARGE,22,63,63,2023-05-03
CH*MOBIMOEMOBILITY,3,5,5,2023-05-03
CH*PACEMOBILITY,1,1,1,2023-05-03
CH*PARKCHARGE,3,5,5,2023-05-03
CH*REP,162,419,419,2023-05-03
CH*SCHARGE,1,1,1,2023-05-03
CH*SWISSCHARGE,984,2746,2807,2023-05-03
CH*TAE,1,131,131,2023-05-03
CH*TES,29,336,336,2023-05-03
CHEVP,1333,2763,5418,2023-05-03
CH*AIL,2,20,20,2023-05-04
CH*AVIA,1,1,2,2023-05-04
CH*CCC,659,1712,1712,2023-05-04
CH*DIE,1,1,2,2023-05-04
CH*EBS,4,4,13,2023-05-04
CH*ECU,1892,2591,2591,2023-05-04
CH*ENMOBILECHARGE,16,32,32,2023-05-04
CH*EVAEMOBILITAET,2,4,4,2023-05-04
CH*EWACHARGE,18,42,42,2023-05-04
CH*EWD,8,8,24,2023-05-04
CH*EWO,7,7,11,2023-05-04
CH*FASTNED,3,12,18,2023-05-04
CH*HER,1,1,4,2023-05-04
CH*ION,10,58,58,2023-05-04
CH*LIDL,46,46,138,2023-05-04
CH*MIG,19,27,56,2023-05-04
CH*MOBILECHARGE,22,64,64,2023-05-04
CH*MOBIMOEMOBILITY,3,5,5,2023-05-04
CH*PACEMOBILITY,1,1,1,2023-05-04
CH*PARKCHARGE,3,5,5,2023-05-04
CH*REP,163,423,423,2023-05-04
CH*SCHARGE,1,1,1,2023-05-04
CH*SWISSCHARGE,988,2757,2818,2023-05-04
CH*TAE,1,131,131,2023-05-04
CH*TES,29,336,336,2023-05-04
CHEVP,1338,2771,5433,2023-05-04
CH*AIL,2,20,20,2023-05-05
CH*AVIA,1,1,2,2023-05-05
CH*CCC,659,1712,1712,2023-05-05
CH*DIE,1,1,2,2023-05-05
CH*EBS,4,4,13,2023-05-05
CH*ECU,1892,2587,2587,2023-05-05
CH*ENMOBILECHARGE,16,32,32,2023-05-05
CH*EVAEMOBILITAET,2,4,4,2023-05-05
CH*EWACHARGE,18,42,42,2023-05-05
CH*EWD,8,8,24,2023-05-05
CH*EWO,7,7,11,2023-05-05
CH*FASTNED,3,12,18,2023-05-05
CH*HER,1,1,4,2023-05-05
CH*ION,10,58,58,2023-05-05
CH*LIDL,46,46,138,2023-05-05
CH*MIG,19,27,56,2023-05-05
CH*MOBILECHARGE,22,64,64,2023-05-05
CH*MOBIMOEMOBILITY,3,5,5,2023-05-05
CH*PACEMOBILITY,1,1,1,2023-05-05
CH*PARKCHARGE,3,5,5,2023-05-05
CH*REP,164,423,423,2023-05-05
CH*SCHARGE,1,1,1,2023-05-05
CH*SWISSCHARGE,987,2752,2813,2023-05-05
CH*TAE,1,131,131,2023-05-05
CH*TES,29,336,336,2023-05-05
CHEVP,1340,2777,5442,2023-05-05
CH*AIL,2,20,20,2023-05-06
CH*AVIA,1,1,2,2023-05-06
CH*CCC,658,1708,1708,2023-05-06
CH*DIE,1,1,2,2023-05-06
CH*EBS,4,4,13,2023-05-06
CH*ECU,1812,2494,2494,2023-05-06
CH*ENMOBILECHARGE,16,32,32,2023-05-06
CH*EVAEMOBILITAET,2,4,4,2023-05-06
CH*EWACHARGE,18,42,42,2023-05-06
CH*EWD,8,8,24,2023-05-06
CH*EWO,7,7,11,2023-05-06
CH*FASTNED,3,12,18,2023-05-06
CH*HER,1,1,4,2023-05-06
CH*ION,10,58,58,2023-05-06
CH*LIDL,46,46,138,2023-05-06
CH*MIG,19,27,56,2023-05-06
CH*MOBILECHARGE,22,64,64,2023-05-06
CH*MOBIMOEMOBILITY,3,5,5,2023-05-06
CH*PACEMOBILITY,1,1,1,2023-05-06
CH*PARKCHARGE,3,5,5,2023-05-06
CH*REP,162,421,421,2023-05-06
CH*SCHARGE,1,1,1,2023-05-06
CH*SWISSCHARGE,988,2761,2822,2023-05-06
CH*TAE,1,131,131,2023-05-06
CH*TES,29,336,336,2023-05-06
CHEVP,1342,2785,5456,2023-05-06
CH*AIL,2,20,20,2023-05-07
CH*AVIA,1,1,2,2023-05-07
CH*CCC,658,1708,1708,2023-05-07
CH*DIE,1,1,2,2023-05-07
CH*EBS,4,4,13,2023-05-07
CH*ECU,1811,2493,2493,2023-05-07
CH*ENMOBILECHARGE,16,32,32,2023-05-07
CH*EVAEMOBILITAET,2,4,4,2023-05-07
CH*EWACHARGE,18,42,42,2023-05-07
CH*EWD,8,8,24,2023-05-07
CH*EWO,7,7,11,2023-05-07
CH*FASTNED,3,12,18,2023-05-07
CH*HER,1,1,4,2023-05-07
CH*ION,10,58,58,2023-05-07
CH*LIDL,46,46,138,2023-05-07
CH*MIG,19,27,56,2023-05-07
CH*MOBILECHARGE,22,64,64,2023-05-07
CH*MOBIMOEMOBILITY,3,5,5,2023-05-07
CH*PACEMOBILITY,1,1,1,2023-05-07
CH*PARKCHARGE,3,5,5,2023-05-07
CH*REP,161,417,417,2023-05-07
CH*SCHARGE,1,1,1,2023-05-07
CH*SWISSCHARGE,988,2761,2822,2023-05-07
CH*TAE,1,131,131,2023-05-07
CH*TES,29,336,336,2023-05-07
CHEVP,1342,2785,5456,2023-05-07
CH*AIL,2,20,20,2023-05-08
CH*AVIA,1,1,2,2023-05-08
CH*CCC,658,1708,1708,2023-05-08
CH*DIE,1,1,2,2023-05-08
CH*EBS,4,4,13,2023-05-08
CH*ECU,1811,2493,2493,2023-05-08
CH*ENMOBILECHARGE,16,32,32,2023-05-08
CH*EVAEMOBILITAET,2,4,4,2023-05-08
CH*EWACHARGE,18,42,42,2023-05-08
CH*EWD,8,8,24,2023-05-08
CH*EWO,7,7,11,2023-05-08
CH*FASTNED,3,12,18,2023-05-08
CH*HER,1,1,4,2023-05-08
CH*ION,10,58,58,2023-05-08
CH*LIDL,46,46,138,2023-05-08
CH*MIG,19,27,56,2023-05-08
CH*MOBILECHARGE,22,64,64,2023-05-08
CH*MOBIMOEMOBILITY,3,5,5,2023-05-08
CH*PACEMOBILITY,1,1,1,2023-05-08
CH*PARKCHARGE,3,5,5,2023-05-08
CH*REP,162,417,417,2023-05-08
CH*SCHARGE,1,1,1,2023-05-08
CH*SWISSCHARGE,988,2761,2822,2023-05-08
CH*TAE,1,131,131,2023-05-08
CH*TES,29,336,336,2023-05-08
CHEVP,1342,2785,5456,2023-05-08
CH*AIL,2,20,20,2023-05-09
CH*AVIA,1,1,2,2023-05-09
CH*CCC,657,1702,1702,2023-05-09
CH*DIE,1,1,2,2023-05-09
CH*EBS,4,4,13,2023-05-09
CH*ECU,1811,2493,2493,2023-05-09
CH*ENMOBILECHARGE,16,32,32,2023-05-09
CH*EVAEMOBILITAET,2,4,4,2023-05-09
CH*EWACHARGE,18,42,42,2023-05-09
CH*EWD,8,8,24,2023-05-09
CH*EWO,7,7,11,2023-05-09
CH*FASTNED,3,12,18,2023-05-09
CH*HER,1,1,4,2023-05-09
CH*ION,10,58,58,2023-05-09
CH*LIDL,46,46,138,2023-05-09
CH*MIG,19,27,56,2023-05-09
CH*MOBILECHARGE,22,64,64,2023-05-09
CH*MOBIMOEMOBILITY,3,5,5,2023-05-09
CH*PACEMOBILITY,1,1,1,2023-05-09
CH*PARKCHARGE,3,5,5,2023-05-09
CH*REP,161,417,417,2023-05-09
CH*SCHARGE,1,1,1,2023-05-09
CH*SWISSCHARGE,992,2769,2830,2023-05-09
CH*TAE,1,131,131,2023-05-09
CH*TES,29,336,336,2023-05-09
CHEVP,1342,2786,5457,2023-05-09
CH*AIL,2,20,20,2023-05-10
CH*AVIA,1,1,2,2023-05-10
CH*CCC,657,1702,1702,2023-05-10
CH*DIE,1,1,2,2023-05-10
CH*EBS,4,4,13,2023-05-10
CH*ECU,1811,2493,2493,2023-05-10
CH*ENMOBILECHARGE,16,32,32,2023-05-10
CH*EVAEMOBILITAET,2,4,4,2023-05-10
CH*EWACHARGE,18,42,42,2023-05-10
CH*EWD,8,8,24,2023-05-10
CH*EWO,7,7,11,2023-05-10
CH*FASTNED,3,12,18,2023-05-10
CH*HER,1,1,4,2023-05-10
CH*ION,10,58,58,2023-05-10
CH*LIDL,46,46,138,2023-05-10
CH*MIG,19,27,56,2023-05-10
CH*MOBILECHARGE,22,64,64,2023-05-10
CH*MOBIMOEMOBILITY,3,5,5,2023-05-10
CH*PACEMOBILITY,1,1,1,2023-05-10
CH*PARKCHARGE,3,5,5,2023-05-10
CH*REP,161,417,417,2023-05-10
CH*SCHARGE,1,1,1,2023-05-10
CH*SWISSCHARGE,992,2769,2830,2023-05-10
CH*TAE,1,131,131,2023-05-10
CH*TES,29,336,336,2023-05-10
CHEVP,1342,2786,5457,2023-05-10
CH*AIL,2,20,20,2023-05-11
CH*AVIA,1,1,2,2023-05-11
CH*CCC,657,1705,1705,2023-05-11
CH*DIE,1,1,2,2023-05-11
CH*EBS,4,4,13,2023-05-11
CH*ECU,1812,2490,2490,2023-05-11
CH*ENMOBILECHARGE,16,32,32,2023-05-11
CH*EVAEMOBILITAET,2,4,4,2023-05-11
CH*EWACHARGE,18,42,42,2023-05-11
CH*EWD,8,8,24,2023-05-11
CH*EWO,7,7,11,2023-05-11
CH*FASTNED,3,12,18,2023-05-11
CH*HER,1,1,4,2023-05-11
CH*ION,10,58,58,2023-05-11
CH*LIDL,46,46,138,2023-05-11
CH*MIG,19,27,56,2023-05-11
CH*MOBILECHARGE,22,64,64,2023-05-11
CH*MOBIMOEMOBILITY,3,5,5,2023-05-11
CH*PACEMOBILITY,1,1,1,2023-05-11
CH*PARKCHARGE,3,5,5,2023-05-11
CH*REP,161,417,417,2023-05-11
CH*SCHARGE,1,1,1,2023-05-11
CH*SWISSCHARGE,909,2556,2616,2023-05-11
CH*TAE,1,131,131,2023-05-11
CH*TES,29,336,336,2023-05-11
CHEVP,1344,2790,5463,2023-05-11
CH*AIL,2,20,20,2023-05-12
CH*AVIA,1,1,2,2023-05-12
CH*CCC,657,1705,1705,2023-05-12
CH*DIE,1,1,2,2023-05-12
CH*EBS,4,4,13,2023-05-12
CH*ECU,1815,2494,2494,2023-05-12
CH*ENMOBILECHARGE,16,32,32,2023-05-12
CH*EVAEMOBILITAET,2,4,4,2023-05-12
CH*EWACHARGE,20,46,46,2023-05-12
CH*EWD,8,8,24,2023-05-12
CH*EWO,7,7,11,2023-05-12
CH*FASTNED,3,12,18,2023-05-12
CH*HER,1,1,4,2023-05-12
CH*ION,10,58,58,2023-05-12
CH*LIDL,46,46,138,2023-05-12
CH*MIG,19,27,56,2023-05-12
CH*MOBILECHARGE,22,64,64,2023-05-12
CH*MOBIMOEMOBILITY,3,5,5,2023-05-12
CH*PACEMOBILITY,1,1,1,2023-05-12
CH*PARKCHARGE,3,5,5,2023-05-12
CH*REP,161,417,417,2023-05-12
CH*SCHARGE,1,1,1,2023-05-12
CH*SWISSCHARGE,845,2351,2407,2023-05-12
CH*TAE,1,131,131,2023-05-12
CH*TES,29,336,336,2023-05-12
CHEVP,1344,2790,5463,2023-05-12
CH*AIL,2,20,20,2023-05-13
CH*AVIA,1,1,2,2023-05-13
CH*CCC,657,1705,1705,2023-05-13
CH*DIE,1,1,2,2023-05-13
CH*EBS,4,4,13,2023-05-13
CH*ECU,1830,2511,2511,2023-05-13
CH*ENMOBILECHARGE,16,32,32,2023-05-13
CH*EVAEMOBILITAET,2,4,4,2023-05-13
CH*EWACHARGE,20,46,46,2023-05-13
CH*EWD,8,8,24,2023-05-13
CH*EWO,7,7,11,2023-05-13
CH*FASTNED,3,12,18,2023-05-13
CH*HER,1,1,4,2023-05-13
CH*ION,10,58,58,2023-05-13
CH*LIDL,46,46,138,2023-05-13
CH*MIG,19,27,56,2023-05-13
CH*MOBILECHARGE,22,64,64,2023-05-13
CH*MOBIMOEMOBILITY,3,5,5,2023-05-13
CH*PACEMOBILITY,1,1,1,2023-05-13
CH*PARKCHARGE,3,5,5,2023-05-13
CH*REP,161,417,417,2023-05-13
CH*SCHARGE,1,1,1,2023-05-13
CH*SWISSCHARGE,988,2754,2815,2023-05-13
CH*TAE,1,131,131,2023-05-13
CH*TES,29,336,336,2023-05-13
CHEVP,1349,2796,5474,2023-05-13
CH*AIL,2,20,20,2023-05-14
CH*AVIA,1,1,2,2023-05-14
CH*CCC,657,1705,1705,2023-05-14
CH*DIE,1,1,2,2023-05-14
CH*EBS,4,4,13,2023-05-14
CH*ECU,1830,2511,2511,2023-05-14
CH*ENMOBILECHARGE,16,32,32,2023-05-14
CH*EVAEMOBILITAET,2,4,4,2023-05-14
CH*EWACHARGE,20,46,46,2023-05-14
CH*EWD,8,8,24,2023-05-14
CH*EWO,7,7,11,2023-05-14
CH*FASTNED,3,12,18,2023-05-14
CH*HER,1,1,4,2023-05-14
CH*ION,10,58,58,2023-05-14
CH*LIDL,46,46,138,2023-05-14
CH*MIG,19,27,56,2023-05-14
CH*MOBILECHARGE,22,64,64,2023-05-14
CH*MOBIMOEMOBILITY,3,5,5,2023-05-14
CH*PACEMOBILITY,1,1,1,2023-05-14
CH*PARKCHARGE,3,5,5,2023-05-14
CH*REP,161,417,417,2023-05-14
CH*SCHARGE,1,1,1,2023-05-14
CH*SWISSCHARGE,910,2554,2615,2023-05-14
CH*TAE,1,131,131,2023-05-14
CH*TES,29,336,336,2023-05-14
CHEVP,1349,2796,5474,2023-05-14
CH*AIL,2,20,20,2023-05-15
CH*AVIA,1,1,2,2023-05-15
CH*CCC,657,1705,1705,2023-05-15
CH*DIE,1,1,2,2023-05-15
CH*EBS,4,4,13,2023-05-15
CH*ECU,1830,2511,2511,2023-05-15
CH*ENMOBILECHARGE,16,32,32,2023-05-15
CH*EVAEMOBILITAET,2,4,4,2023-05-15
CH*EWACHARGE,20,46,46,2023-05-15
CH*EWD,8,8,24,2023-05-15
CH*EWO,7,7,11,2023-05-15
CH*FASTNED,3,12,18,2023-05-15
CH*HER,1,1,4,2023-05-15
CH*ION,10,58,58,2023-05-15
CH*LIDL,46,46,138,2023-05-15
CH*MIG,19,27,56,2023-05-15
CH*MOBILECHARGE,22,64,64,2023-05-15
CH*MOBIMOEMOBILITY,3,5,5,2023-05-15
CH*PACEMOBILITY,1,1,1,2023-05-15
CH*PARKCHARGE,3,5,5,2023-05-15
CH*REP,162,417,417,2023-05-15
CH*SCHARGE,1,1,1,2023-05-15
CH*SWISSCHARGE,988,2754,2815,2023-05-15
CH*TAE,1,131,131,2023-05-15
CH*TES,29,336,336,2023-05-15
CHEVP,1349,2796,5474,2023-05-15
CH*AIL,2,20,20,2023-05-16
CH*AVIA,1,1,2,2023-05-16
CH*CCC,657,1705,1705,2023-05-16
CH*DIE,1,1,2,2023-05-16
CH*EBS,4,4,13,2023-05-16
CH*ECU,1830,2511,2511,2023-05-16
CH*ENMOBILECHARGE,16,32,32,2023-05-16
CH*EVAEMOBILITAET,2,4,4,2023-05-16
CH*EWACHARGE,20,46,46,2023-05-16
CH*EWD,8,8,24,2023-05-16
CH*EWO,7,7,11,2023-05-16
CH*FASTNED,3,12,18,2023-05-16
CH*HER,1,1,4,2023-05-16
CH*ION,10,58,58,2023-05-16
CH*LIDL,46,46,138,2023-05-16
CH*MIG,19,27,56,2023-05-16
CH*MOBILECHARGE,22,64,64,2023-05-16
CH*MOBIMOEMOBILITY,3,5,5,2023-05-16
CH*PACEMOBILITY,1,1,1,2023-05-16
CH*PARKCHARGE,3,5,5,2023-05-16
CH*REP,161,417,417,2023-05-16
CH*SCHARGE,1,1,1,2023-05-16
CH*SWISSCHARGE,917,2566,2623,2023-05-16
CH*TAE,1,131,131,2023-05-16
CH*TES,29,336,336,2023-05-16
CHEVP,1349,2796,5474,2023-05-16
CH*AIL,2,20,20,2023-05-17
CH*AVIA,1,1,2,2023-05-17
CH*CCC,657,1705,1705,2023-05-17
CH*DIE,1,1,2,2023-05-17
CH*EBS,4,4,13,2023-05-17
CH*ECU,1838,2519,2519,2023-05-17
CH*ENMOBILECHARGE,16,32,32,2023-05-17
CH*EVAEMOBILITAET,2,4,4,2023-05-17
CH*EWACHARGE,20,46,46,2023-05-17
CH*EWD,8,8,24,2023-05-17
CH*EWO,7,7,11,2023-05-17
CH*FASTNED,3,12,18,2023-05-17
CH*HER,1,1,4,2023-05-17
CH*ION,10,58,58,2023-05-17
CH*LIDL,46,46,138,2023-05-17
CH*MIG,19,27,56,2023-05-17
CH*MOBILECHARGE,22,64,64,2023-05-17
CH*MOBIMOEMOBILITY,3,5,5,2023-05-17
CH*PACEMOBILITY,1,1,1,2023-05-17
CH*PARKCHARGE,3,5,5,2023-05-17
CH*REP,162,421,421,2023-05-17
CH*SCH,19,42,42,2023-05-17
CH*SCHARGE,1,1,1,2023-05-17
CH*SWISSCHARGE,994,2770,2831,2023-05-17
CH*TAE,1,131,131,2023-05-17
CH*TES,29,336,336,2023-05-17
CHEVP,1335,2764,5411,2023-05-17
CH*AIL,2,20,20,2023-05-18
CH*AVIA,1,1,2,2023-05-18
CH*CCC,658,1706,1706,2023-05-18
CH*DIE,1,1,2,2023-05-18
CH*EBS,4,4,13,2023-05-18
CH*ECU,1834,2514,2514,2023-05-18
CH*ENMOBILECHARGE,16,32,32,2023-05-18
CH*EVAEMOBILITAET,2,4,4,2023-05-18
CH*EWACHARGE,20,46,46,2023-05-18
CH*EWD,8,8,24,2023-05-18
CH*EWO,7,7,11,2023-05-18
CH*FASTNED,3,12,18,2023-05-18
CH*HER,1,1,4,2023-05-18
CH*ION,10,58,58,2023-05-18
CH*LIDL,46,46,138,2023-05-18
CH*MIG,19,27,56,2023-05-18
CH*MOBILECHARGE,22,64,64,2023-05-18
CH*MOBIMOEMOBILITY,3,5,5,2023-05-18
CH*PACEMOBILITY,1,1,1,2023-05-18
CH*PARKCHARGE,3,5,5,2023-05-18
CH*REP,164,421,421,2023-05-18
CH*SCH,19,42,42,2023-05-18
CH*SCHARGE,1,1,1,2023-05-18
CH*SWISSCHARGE,995,2774,2835,2023-05-18
CH*TAE,1,131,131,2023-05-18
CH*TES,29,336,336,2023-05-18
CHEVP,1336,2766,5411,2023-05-18
CH*AIL,2,20,20,2023-05-19
CH*AVIA,1,1,2,2023-05-19
CH*CCC,658,1706,1706,2023-05-19
CH*DIE,1,1,2,2023-05-19
CH*EBS,4,4,13,2023-05-19
CH*ECU,1836,2520,2520,2023-05-19
CH*ENMOBILECHARGE,16,32,32,2023-05-19
CH*EVAEMOBILITAET,2,4,4,2023-05-19
CH*EWACHARGE,20,46,46,2023-05-19
CH*EWD,8,8,24,2023-05-19
CH*EWO,7,7,11,2023-05-19
CH*FASTNED,3,12,18,2023-05-19
CH*HER,1,1,4,2023-05-19
CH*ION,10,58,58,2023-05-19
CH*LIDL,46,46,138,2023-05-19
CH*MIG,19,27,56,2023-05-19
CH*MOBILECHARGE,22,64,64,2023-05-19
CH*MOBIMOEMOBILITY,3,5,5,2023-05-19
CH*PACEMOBILITY,1,1,1,2023-05-19
CH*PARKCHARGE,3,5,5,2023-05-19
CH*REP,163,421,421,2023-05-19
CH*SCH,19,42,42,2023-05-19
CH*SCHARGE,1,1,1,2023-05-19
CH*SWISSCHARGE,995,2773,2834,2023-05-19
CH*TAE,1,131,131,2023-05-19
CH*TES,29,336,336,2023-05-19
CHEVP,1336,2766,5411,2023-05-19
CH*AIL,2,20,20,2023-05-20
CH*AVIA,1,1,2,2023-05-20
CH*CCC,658,1706,1706,2023-05-20
CH*DIE,1,1,2,2023-05-20
CH*EBS,4,4,13,2023-05-20
CH*ECU,1839,2520,2520,2023-05-20
CH*ENMOBILECHARGE,16,32,32,2023-05-20
CH*EVAEMOBILITAET,2,4,4,2023-05-20
CH*EWACHARGE,20,46,46,2023-05-20
CH*EWD,8,8,24,2023-05-20
CH*EWO,7,7,11,2023-05-20
CH*FASTNED,3,12,18,2023-05-20
CH*HER,1,1,4,2023-05-20
CH*ION,10,58,58,2023-05-20
CH*LIDL,46,46,138,2023-05-20
CH*MIG,19,27,56,2023-05-20
CH*MOBILECHARGE,22,64,64,2023-05-20
CH*MOBIMOEMOBILITY,3,5,5,2023-05-20
CH*PACEMOBILITY,1,1,1,2023-05-20
CH*PARKCHARGE,3,5,5,2023-05-20
CH*REP,162,421,421,2023-05-20
CH*SCH,33,76,76,2023-05-20
CH*SCHARGE,1,1,1,2023-05-20
CH*SWISSCHARGE,995,2773,2834,2023-05-20
CH*TAE,1,131,131,2023-05-20
CH*TES,29,336,336,2023-05-20
CHEVP,1336,2763,5408,2023-05-20
CH*AIL,2,20,20,2023-05-21
CH*AVIA,1,1,2,2023-05-21
CH*CCC,658,1706,1706,2023-05-21
CH*DIE,1,1,2,2023-05-21
CH*EBS,4,4,13,2023-05-21
CH*ECU,1838,2519,2519,2023-05-21
CH*ENMOBILECHARGE,16,32,32,2023-05-21
CH*EVAEMOBILITAET,2,4,4,2023-05-21
CH*EWACHARGE,20,46,46,2023-05-21
CH*EWD,8,8,24,2023-05-21
CH*EWO,7,7,11,2023-05-21
CH*FASTNED,3,12,18,2023-05-21
CH*HER,1,1,4,2023-05-21
CH*ION,10,58,58,2023-05-21
CH*LIDL,46,46,138,2023-05-21
CH*MIG,19,27,56,2023-05-21
CH*MOBILECHARGE,22,64,64,2023-05-21
CH*MOBIMOEMOBILITY,3,5,5,2023-05-21
CH*PACEMOBILITY,1,1,1,2023-05-21
CH*PARKCHARGE,3,5,5,2023-05-21
CH*REP,162,421,421,2023-05-21
CH*SCH,33,76,76,2023-05-21
CH*SCHARGE,1,1,1,2023-05-21
CH*SWISSCHARGE,848,2400,2455,2023-05-21
CH*TAE,1,131,131,2023-05-21
CH*TES,29,336,336,2023-05-21
CHEVP,1336,2763,5408,2023-05-21
CH*AIL,2,20,20,2023-05-22
CH*AVIA,1,1,2,2023-05-22
CH*CCC,658,1706,1706,2023-05-22
CH*DIE,1,1,2,2023-05-22
CH*EBS,4,4,13,2023-05-22
CH*ECU,1839,2520,2520,2023-05-22
CH*ENMOBILECHARGE,16,32,32,2023-05-22
CH*EVAEMOBILITAET,2,4,4,2023-05-22
CH*EWACHARGE,20,46,46,2023-05-22
CH*EWD,8,8,24,2023-05-22
CH*EWO,7,7,11,2023-05-22
CH*FASTNED,3,12,18,2023-05-22
CH*HER,1,1,4,2023-05-22
CH*ION,10,58,58,2023-05-22
CH*LIDL,46,46,138,2023-05-22
CH*MIG,19,27,56,2023-05-22
CH*MOBILECHARGE,22,64,64,2023-05-22
CH*MOBIMOEMOBILITY,3,5,5,2023-05-22
CH*PACEMOBILITY,1,1,1,2023-05-22
CH*PARKCHARGE,3,5,5,2023-05-22
CH*REP,164,421,421,2023-05-22
CH*SCH,33,76,76,2023-05-22
CH*SCHARGE,1,1,1,2023-05-22
CH*SWISSCHARGE,995,2772,2833,2023-05-22
CH*TAE,1,131,131,2023-05-22
CH*TES,29,336,336,2023-05-22
CHEVP,1336,2763,5408,2023-05-22
CH*AIL,2,20,20,2023-05-23
CH*AVIA,1,1,2,2023-05-23
CH*CCC,658,1706,1706,2023-05-23
CH*DIE,1,1,2,2023-05-23
CH*EBS,4,4,13,2023-05-23
CH*ECU,1839,2520,2520,2023-05-23
CH*ENMOBILECHARGE,16,32,32,2023-05-23
CH*EVAEMOBILITAET,2,4,4,2023-05-23
CH*EWACHARGE,20,46,46,2023-05-23
CH*EWD,8,8,24,2023-05-23
CH*EWO,7,7,11,2023-05-23
CH*FASTNED,3,12,18,2023-05-23
CH*HER,1,1,4,2023-05-23
CH*ION,10,58,58,2023-05-23
CH*LIDL,46,46,138,2023-05-23
CH*MIG,19,27,56,2023-05-23
CH*MOBILECHARGE,22,64,64,2023-05-23
CH*MOBIMOEMOBILITY,3,5,5,2023-05-23
CH*PACEMOBILITY,1,1,1,2023-05-23
CH*PARKCHARGE,3,5,5,2023-05-23
CH*REP,162,421,421,2023-05-23
CH*SCH,33,76,76,2023-05-23
CH*SCHARGE,1,1,1,2023-05-23
CH*SWISSCHARGE,934,2568,2623,2023-05-23
CH*TAE,1,131,131,2023-05-23
CH*TES,29,336,336,2023-05-23
CHEVP,1338,2766,5416,2023-05-23
CH*AIL,2,20,20,2023-05-24
CH*AVIA,1,1,2,2023-05-24
CH*CCC,658,1706,1706,2023-05-24
CH*DIE,1,1,2,2023-05-24
CH*EBS,4,4,13,2023-05-24
CH*ECU,1838,2518,2518,2023-05-24
CH*ENMOBILECHARGE,16,32,32,2023-05-24
CH*EVAEMOBILITAET,2,4,4,2023-05-24
CH*EWACHARGE,20,46,46,2023-05-24
CH*EWD,8,8,24,2023-05-24
CH*EWO,7,7,11,2023-05-24
CH*FASTNED,3,12,18,2023-05-24
CH*HER,1,1,4,2023-05-24
CH*ION,10,58,58,2023-05-24
CH*LIDL,46,46,138,2023-05-24
CH*MIG,19,27,56,2023-05-24
CH*MOBILECHARGE,22,64,64,2023-05-24
CH*MOBIMOEMOBILITY,3,5,5,2023-05-24
CH*PACEMOBILITY,1,1,1,2023-05-24
CH*PARKCHARGE,3,5,5,2023-05-24
CH*REP,164,421,421,2023-05-24
CH*SCH,33,76,76,2023-05-24
CH*SCHARGE,1,1,1,2023-05-24
CH*SWISSCHARGE,995,2773,2835,2023-05-24
CH*TAE,1,131,131,2023-05-24
CH*TES,29,336,336,2023-05-24
CHEVP,1339,2770,5421,2023-05-24
CH*AIL,2,20,20,2023-05-25
CH*AVIA,1,1,2,2023-05-25
CH*CCC,657,1705,1705,2023-05-25
CH*DIE,1,1,2,2023-05-25
CH*EBS,4,4,13,2023-05-25
CH*ECU,1837,2517,2517,2023-05-25
CH*ENMOBILECHARGE,16,32,32,2023-05-25
CH*EVAEMOBILITAET,2,4,4,2023-05-25
CH*EWACHARGE,20,46,46,2023-05-25
CH*EWD,8,8,24,2023-05-25
CH*EWO,7,7,11,2023-05-25
CH*FASTNED,3,12,18,2023-05-25
CH*HER,1,1,4,2023-05-25
CH*ION,10,58,58,2023-05-25
CH*LIDL,46,46,138,2023-05-25
CH*MIG,19,27,56,2023-05-25
CH*MOBILECHARGE,22,64,64,2023-05-25
CH*MOBIMOEMOBILITY,3,5,5,2023-05-25
CH*PACEMOBILITY,1,1,1,2023-05-25
CH*PARKCHARGE,3,5,5,2023-05-25
CH*REP,164,421,421,2023-05-25
CH*SCH,33,76,76,2023-05-25
CH*SCHARGE,1,1,1,2023-05-25
CH*SWISSCHARGE,994,2770,2832,2023-05-25
CH*TAE,1,131,131,2023-05-25
CH*TES,29,336,336,2023-05-25
CHEVP,1339,2769,5420,2023-05-25
CH*AIL,2,20,20,2023-05-26
CH*AVIA,1,1,2,2023-05-26
CH*CCC,658,1705,1705,2023-05-26
CH*DIE,1,1,2,2023-05-26
CH*EBS,4,4,13,2023-05-26
CH*ECU,1836,2516,2516,2023-05-26
CH*ENMOBILECHARGE,16,32,32,2023-05-26
CH*EVAEMOBILITAET,2,4,4,2023-05-26
CH*EWACHARGE,20,46,46,2023-05-26
CH*EWD,8,8,24,2023-05-26
CH*EWO,7,7,11,2023-05-26
CH*FASTNED,3,12,18,2023-05-26
CH*HER,1,1,4,2023-05-26
CH*ION,10,58,58,2023-05-26
CH*LIDL,46,46,138,2023-05-26
CH*MIG,19,27,56,2023-05-26
CH*MOBILECHARGE,22,64,64,2023-05-26
CH*MOBIMOEMOBILITY,3,5,5,2023-05-26
CH*PACEMOBILITY,1,1,1,2023-05-26
CH*PARKCHARGE,3,5,5,2023-05-26
CH*REP,162,421,421,2023-05-26
CH*SCH,33,76,76,2023-05-26
CH*SCHARGE,1,1,1,2023-05-26
CH*SWISSCHARGE,996,2776,2839,2023-05-26
CH*TAE,1,131,131,2023-05-26
CH*TES,29,336,336,2023-05-26
CHEVP,1340,2768,5416,2023-05-26
CH*AIL,2,20,20,2023-05-27
CH*AVIA,1,1,2,2023-05-27
CH*CCC,658,1705,1705,2023-05-27
CH*DIE,1,1,2,2023-05-27
CH*EBS,4,4,13,2023-05-27
CH*ECU,1846,2526,2526,2023-05-27
CH*ENMOBILECHARGE,16,32,32,2023-05-27
CH*EVAEMOBILITAET,2,4,4,2023-05-27
CH*EWACHARGE,20,46,46,2023-05-27
CH*EWD,8,8,24,2023-05-27
CH*EWO,7,7,11,2023-05-27
CH*FASTNED,3,12,18,2023-05-27
CH*HER,1,1,4,2023-05-27
CH*ION,10,58,58,2023-05-27
CH*LIDL,46,46,138,2023-05-27
CH*MIG,19,27,56,2023-05-27
CH*MOBILECHARGE,22,64,64,2023-05-27
CH*MOBIMOEMOBILITY,3,5,5,2023-05-27
CH*PACEMOBILITY,1,1,1,2023-05-27
CH*PARKCHARGE,3,5,5,2023-05-27
CH*REP,163,421,421,2023-05-27
CH*SCH,33,76,76,2023-05-27
CH*SCHARGE,1,1,1,2023-05-27
CH*SWISSCHARGE,999,2784,2848,2023-05-27
CH*TAE,1,131,131,2023-05-27
CH*TES,29,336,336,2023-05-27
CHEVP,1343,2772,5424,2023-05-27
CH*AIL,2,20,20,2023-05-28
CH*AVIA,1,1,2,2023-05-28
CH*CCC,658,1705,1705,2023-05-28
CH*DIE,1,1,2,2023-05-28
CH*EBS,4,4,13,2023-05-28
CH*ECU,1846,2526,2526,2023-05-28
CH*ENMOBILECHARGE,16,32,32,2023-05-28
CH*EVAEMOBILITAET,2,4,4,2023-05-28
CH*EWACHARGE,20,46,46,2023-05-28
CH*EWD,8,8,24,2023-05-28
CH*EWO,7,7,11,2023-05-28
CH*FASTNED,3,12,18,2023-05-28
CH*HER,1,1,4,2023-05-28
CH*ION,10,58,58,2023-05-28
CH*LIDL,46,46,138,2023-05-28
CH*MIG,19,27,56,2023-05-28
CH*MOBILECHARGE,22,64,64,2023-05-28
CH*MOBIMOEMOBILITY,3,5,5,2023-05-28
CH*PACEMOBILITY,1,1,1,2023-05-28
CH*PARKCHARGE,3,5,5,2023-05-28
CH*REP,162,421,421,2023-05-28
CH*SCH,33,76,76,2023-05-28
CH*SCHARGE,1,1,1,2023-05-28
CH*SWISSCHARGE,999,2784,2848,2023-05-28
CH*TAE,1,131,131,2023-05-28
CH*TES,29,336,336,2023-05-28
CHEVP,1343,2772,5424,2023-05-28
CH*AIL,2,20,20,2023-05-29
CH*AVIA,1,1,2,2023-05-29
CH*CCC,658,1705,1705,2023-05-29
CH*DIE,1,1,2,2023-05-29
CH*EBS,4,4,13,2023-05-29
CH*ECU,1846,2526,2526,2023-05-29
CH*ENMOBILECHARGE,16,32,32,2023-05-29
CH*EVAEMOBILITAET,2,4,4,2023-05-29
CH*EWACHARGE,20,46,46,2023-05-29
CH*EWD,8,8,24,2023-05-29
CH*EWO,7,7,11,2023-05-29
CH*FASTNED,3,12,18,2023-05-29
CH*HER,1,1,4,2023-05-29
CH*ION,10,58,58,2023-05-29
CH*LIDL,46,46,138,2023-05-29
CH*MIG,19,27,56,2023-05-29
CH*MOBILECHARGE,22,64,64,2023-05-29
CH*MOBIMOEMOBILITY,3,5,5,2023-05-29
CH*PACEMOBILITY,1,1,1,2023-05-29
CH*PARKCHARGE,3,5,5,2023-05-29
CH*REP,163,421,421,2023-05-29
CH*SCH,33,76,76,2023-05-29
CH*SCHARGE,1,1,1,2023-05-29
CH*SWISSCHARGE,999,2784,2848,2023-05-29
CH*TAE,1,131,131,2023-05-29
CH*TES,29,336,336,2023-05-29
CHEVP,1344,2774,5430,2023-05-29
CH*AIL,2,20,20,2023-05-30
CH*AVIA,1,1,2,2023-05-30
CH*CCC,658,1705,1705,2023-05-30
CH*DIE,1,1,2,2023-05-30
CH*EBS,4,4,13,2023-05-30
CH*ECU,1846,2527,2527,2023-05-30
CH*ENMOBILECHARGE,16,32,32,2023-05-30
CH*EVAEMOBILITAET,2,4,4,2023-05-30
CH*EWACHARGE,20,46,46,2023-05-30
CH*EWD,8,8,24,2023-05-30
CH*EWO,7,7,11,2023-05-30
CH*FASTNED,3,12,18,2023-05-30
CH*HER,1,1,4,2023-05-30
CH*ION,10,58,58,2023-05-30
CH*LIDL,46,46,138,2023-05-30
CH*MIG,19,27,56,2023-05-30
CH*MOBILECHARGE,22,64,64,2023-05-30
CH*MOBIMOEMOBILITY,3,5,5,2023-05-30
CH*PACEMOBILITY,1,1,1,2023-05-30
CH*PARKCHARGE,3,5,5,2023-05-30
CH*REP,164,421,421,2023-05-30
CH*SCH,33,76,76,2023-05-30
CH*SCHARGE,1,1,1,2023-05-30
CH*SWISSCHARGE,1000,2788,2852,2023-05-30
CH*TAE,1,131,131,2023-05-30
CH*TES,29,336,336,2023-05-30
CHEVP,1344,2774,5430,2023-05-30
CH*AIL,2,20,20,2023-05-31
CH*AVIA,1,1,2,2023-05-31
CH*CCC,652,1693,1693,2023-05-31
CH*DIE,1,1,2,2023-05-31
CH*EBS,4,4,13,2023-05-31
CH*ECU,1846,2527,2527,2023-05-31
CH*ENMOBILECHARGE,16,32,32,2023-05-31
CH*EVAEMOBILITAET,2,4,4,2023-05-31
CH*EWACHARGE,20,46,46,2023-05-31
CH*EWD,8,8,24,2023-05-31
CH*EWO,7,7,11,2023-05-31
CH*FASTNED,3,12,18,2023-05-31
CH*HER,1,1,4,2023-05-31
CH*ION,10,58,58,2023-05-31
CH*LIDL,46,46,138,2023-05-31
CH*MIG,19,27,56,2023-05-31
CH*MOBILECHARGE,22,64,64,2023-05-31
CH*MOBIMOEMOBILITY,3,5,5,2023-05-31
CH*PACEMOBILITY,1,1,1,2023-05-31
CH*PARKCHARGE,3,5,5,2023-05-31
CH*REP,162,421,421,2023-05-31
CH*SCH,33,76,76,2023-05-31
CH*SCHARGE,1,1,1,2023-05-31
CH*SWISSCHARGE,999,2784,2848,2023-05-31
CH*TAE,1,131,131,2023-05-31
CH*TES,29,336,336,2023-05-31
CHEVP,1346,2774,5426,2023-05-31
CH*AIL,2,20,20,2023-06-01
CH*AVIA,1,1,2,2023-06-01
CH*CCC,652,1693,1693,2023-06-01
CH*DIE,1,1,2,2023-06-01
CH*EBS,4,4,13,2023-06-01
CH*ECU,1847,2528,2528,2023-06-01
CH*ENMOBILECHARGE,16,32,32,2023-06-01
CH*EVAEMOBILITAET,2,4,4,2023-06-01
CH*EWACHARGE,20,46,46,2023-06-01
CH*EWD,8,8,24,2023-06-01
CH*EWO,7,7,11,2023-06-01
CH*FASTNED,3,12,18,2023-06-01
CH*HER,1,1,4,2023-06-01
CH*ION,10,58,58,2023-06-01
CH*LIDL,46,46,138,2023-06-01
CH*MIG,19,27,56,2023-06-01
CH*MOBILECHARGE,22,64,64,2023-06-01
CH*MOBIMOEMOBILITY,3,5,5,2023-06-01
CH*PACEMOBILITY,1,1,1,2023-06-01
CH*PARKCHARGE,3,5,5,2023-06-01
CH*REP,163,421,421,2023-06-01
CH*SCH,33,76,76,2023-06-01
CH*SCHARGE,1,1,1,2023-06-01
CH*SWISSCHARGE,1003,2780,2844,2023-06-01
CH*TAE,1,131,131,2023-06-01
CH*TES,29,336,336,2023-06-01
CHEVP,1349,2777,5430,2023-06-01
